report_id,incident_description,report_text,incident_type,severity_level,expected_risk_score,risk_increasing_factors,risk_reducing_factors,score_explanation,sif_potential,barrier_failure,observed_severity,location,data_source
REF-OIL-0001,Catastrophic blast and major explosion occurred near fuel storage tanks in Tank Farm 4. Fireball and shockwave observed across the refinery.,Catastrophic blast and major explosion occurred near fuel storage tanks in Tank Farm 4. Fireball and shockwave observed across the refinery.,Fire & Explosion,Critical,94,"Massive hydrocarbon inventory, violent shockwave blast, proximity to active bulk fuel storage tanks, multiple personnel in vicinity","Plant-wide emergency siren sounded, automatic isolation valves initiated",Catastrophic overpressure blast and fireball with acute potential for mass fatalities and widespread destruction across tank farm.,SIF-potential,BARRIER_FAILED,Critical,Tank Farm 4,Oil Refinery Field Operations & Expert Curated
REF-OIL-0002,"Huge blast erupted by fuel storage tanks, massive explosion with fire expanding into nearby units.","Huge blast erupted by fuel storage tanks, massive explosion with fire expanding into nearby units.",Fire & Explosion,Critical,93,"Massive vapor cloud explosion, rapid escalation toward adjacent units, personnel in blast trajectory",Refinery fire brigade deployed emergency foam monitors,Major explosion near fuel storage presenting immediate life-threatening blast trauma and uncontained fire spread.,SIF-potential,BARRIER_FAILED,Critical,Tank Farm 2,Oil Refinery Field Operations & Expert Curated
REF-OIL-0003,major explsion tank farm 4 big fire shockwave shaken bldg,major explsion tank farm 4 big fire shockwave shaken bldg,Fire & Explosion,Critical,92,"Structural building shaking, massive blast energy, high flammable fuel presence",Emergency alarms sounding,High-energy catastrophic blast reported informally; immediate fatality threat from structural collapse and blast wave.,SIF-potential,BARRIER_FAILED,Critical,Tank Farm 4,Oil Refinery Field Operations & Expert Curated
REF-OIL-0004,Crude distillation column heater tube ruptured violently resulting in catastrophic explosion and heavy fireball lifting the furnace roof.,Crude distillation column heater tube ruptured violently resulting in catastrophic explosion and heavy fireball lifting the furnace roof.,Fire & Explosion,Critical,96,"Furnace roof blown off, extreme thermal blast, release of superheated crude oil, personnel in unit pathway",Emergency fuel gas trip actuated,Lethal blast energy and thermal radiation from furnace explosion capable of causing instant multiple fatalities.,SIF-potential,BARRIER_FAILED,Critical,Crude Distillation Unit (CDU),Oil Refinery Field Operations & Expert Curated
REF-OIL-0005,LPG sphere 301 BLEVE explosion following high-pressure drain line detachment. Massive fireball engulfed the entire sphere manifold.,LPG sphere 301 BLEVE explosion following high-pressure drain line detachment. Massive fireball engulfed the entire sphere manifold.,Fire & Explosion,Critical,98,"Boiling Liquid Expanding Vapor Explosion (BLEVE), catastrophic loss of primary containment, lethal fireball radius > 200m",Water deluge deluge system triggered,Maximal severity catastrophic industrial disaster with guaranteed fatal outcome for personnel within blast contour.,SIF-potential,BARRIER_FAILED,Critical,LPG Storage Area,Oil Refinery Field Operations & Expert Curated
REF-OIL-0006,Reformer hydrogen reactor vessel head sheared off under 150 bar pressure causing a devastating blast and flying shrapnel across piperacks.,Reformer hydrogen reactor vessel head sheared off under 150 bar pressure causing a devastating blast and flying shrapnel across piperacks.,Fire & Explosion,Critical,97,"150 bar pressure release, high-velocity metal shrapnel, hydrogen auto-ignition, high density process area",None effective,Extreme high-pressure stored energy catastrophic failure with supersonic shrapnel projection across work areas.,SIF-potential,BARRIER_FAILED,Critical,Reformer Unit,Oil Refinery Field Operations & Expert Curated
REF-OIL-0007,High-pressure gas line exploded near compressor house 3 throwing debris 60 meters and knocking down operations crew.,High-pressure gas line exploded near compressor house 3 throwing debris 60 meters and knocking down operations crew.,Fire & Explosion,Critical,92,"Line rupture blast, heavy flying debris, operators physically thrown by overpressure wave",Unit shutdown tripped automatically,High-pressure line blowout with physical blast wave impact directly injuring personnel in line-of-fire.,SIF-potential,BARRIER_FAILED,Critical,Compressor House 3,Oil Refinery Field Operations & Expert Curated
REF-OIL-0008,big explodid sound at vacuum unit boiler blast very loud fire spreading everywhere,big explodid sound at vacuum unit boiler blast very loud fire spreading everywhere,Fire & Explosion,Critical,91,"Boiler blast, rapid flame spread across vacuum unit, informal worker report indicating uncontained disaster",Workers evacuating area,Boiler explosion with rapidly propagating fire presenting immediate catastrophic consequence potential.,SIF-potential,BARRIER_FAILED,Critical,Vacuum Distillation Unit,Oil Refinery Field Operations & Expert Curated
REF-OIL-0009,Catastrophic failure of high-pressure separator vessel resulting in instantaneous vapor cloud explosion (VCE) in gas processing plant.,Catastrophic failure of high-pressure separator vessel resulting in instantaneous vapor cloud explosion (VCE) in gas processing plant.,Fire & Explosion,Critical,96,"Unconfined vapor cloud explosion, supersonic flame front, extensive structural damage to control annex",Emergency shutdown activated,Catastrophic VCE with massive overpressure generating lethal trauma across entire operational sector.,SIF-potential,BARRIER_FAILED,Critical,Gas Processing Plant,Oil Refinery Field Operations & Expert Curated
REF-OIL-0010,"Naphtha hydrotreater reactor explosion during catalyst regeneration, shockwave shattered windows in central control room.","Naphtha hydrotreater reactor explosion during catalyst regeneration, shockwave shattered windows in central control room.",Fire & Explosion,Critical,93,"Heavy shockwave reaching blast-resistant buildings, severe vessel overpressurization, toxic catalyst release",Blast walls mitigated damage to control room,Severe explosion with high energy release capable of fatal injury to any personnel in the processing plot.,SIF-potential,BARRIER_FAILED,Critical,Hydrotreater Unit,Oil Refinery Field Operations & Expert Curated
REF-OIL-0011,fire explosion near pipeline,fire explosion near pipeline,Fire & Explosion,Critical,96,"Hydrocarbon pipeline rupture blast, uncontained fire, immediate line-of-fire hazard",Emergency isolation initiated,Pipeline explosion and fire with severe overpressure and thermal radiation posing immediate fatality risk.,SIF-potential,BARRIER_FAILED,Critical,Pipeline Corridor,Oil Refinery Field Operations & Expert Curated
REF-OIL-0012,fire explotion near pipeline,fire explotion near pipeline,Fire & Explosion,Critical,96,Worker report of pipeline blast with fire; high kinetic blast wave and thermal hazard,Evacuation alarm sounded,Pipeline explosion reported by field operator; acute catastrophic blast trauma potential.,SIF-potential,BARRIER_FAILED,Critical,Pipeline Corridor,Oil Refinery Field Operations & Expert Curated
REF-OIL-0013,fire explosion,fire explosion,Fire & Explosion,Critical,95,Uncontained explosion and fire in industrial process facility; lethal thermal and blast energy,Plant alarms activated,Industrial fire and explosion event with acute potential for fatal trauma.,SIF-potential,BARRIER_FAILED,Critical,Process Unit,Oil Refinery Field Operations & Expert Curated
REF-OIL-0014,fire explotion,fire explotion,Fire & Explosion,Critical,95,Worker informal report of fire and explosion event in active operational plot,Emergency services responding,Explosion and fire incident presenting life-threatening blast overpressure.,SIF-potential,BARRIER_FAILED,Critical,Operating Area,Oil Refinery Field Operations & Expert Curated
REF-OIL-0015,pipeline explosion,pipeline explosion,Fire & Explosion,Critical,95,Catastrophic pipeline rupture blast with high-velocity shockwave and flying debris,Sectional block valves closed,Catastrophic pipeline blast with fatal projectile and overpressure consequences.,SIF-potential,BARRIER_FAILED,Critical,Main Pipeline,Oil Refinery Field Operations & Expert Curated
REF-OIL-0016,gas explotion occurred near pipeline,gas explotion occurred near pipeline,Fire & Explosion,Critical,94,"Flammable gas ignition and explosion along pipeline route, high thermal radiation",Fire monitors dispatched,Gas explosion in transfer pipeline with direct personnel blast exposure.,SIF-potential,BARRIER_FAILED,Critical,Gas Pipeline Corridor,Oil Refinery Field Operations & Expert Curated
REF-OIL-0017,"Rapidly spreading hydrocarbon fire in the crude distillation unit (CDU) heater, flames spreading to adjacent pipe racks, emergency shutdown activated.","Rapidly spreading hydrocarbon fire in the crude distillation unit (CDU) heater, flames spreading to adjacent pipe racks, emergency shutdown activated.",Fire & Explosion,Critical,92,"Active rapid propagation to piperacks, uncontained fuel feed, high process temperature (>350C), refinery wide escalation risk","ESD initiated, fixed deluge monitors energized",Major uncontained process fire spreading toward critical infrastructure with high potential for catastrophic failure.,SIF-potential,BARRIER_FAILED,Critical,CDU Heater Unit,Oil Refinery Field Operations & Expert Curated
REF-OIL-0018,"Crude oil transfer line ruptured under 40 bar pressure, massive burning jet fire impinging on structural steel columns of Unit 10.","Crude oil transfer line ruptured under 40 bar pressure, massive burning jet fire impinging on structural steel columns of Unit 10.",Fire & Explosion,Critical,91,"High-pressure pressurized burning jet, structural steel flame impingement causing collapse risk, unisolated fuel",Emergency isolation valve attempted remotely,Jet fire impinging on load-bearing refinery structures presents imminent threat of structural collapse and escalation.,SIF-potential,BARRIER_FAILED,Critical,Unit 10 Structure,Oil Refinery Field Operations & Expert Curated
REF-OIL-0019,"Heavy gas oil pump P-204 mechanical seal blew out, resulting in a large uncontained fire expanding across the second deck.","Heavy gas oil pump P-204 mechanical seal blew out, resulting in a large uncontained fire expanding across the second deck.",Fire & Explosion,Critical,89,"Seal blowout, pressurized hot hydrocarbon release, multi-level deck fire propagation, egress pathways compromised",Drain sumps open,Spreading hydrocarbon fire across operational decks threatening worker escape routes and adjacent piping.,SIF-potential,BARRIER_FAILED,Critical,Pump House 2,Oil Refinery Field Operations & Expert Curated
REF-OIL-0020,fire in pump house spreding quick to pipes black smoke everywere operators running,fire in pump house spreding quick to pipes black smoke everywere operators running,Fire & Explosion,Critical,88,"Rapid flame spread, dense toxic smoke, chaotic emergency evacuation, flammable piping endangered",Operators evacuating,Uncontrolled process unit fire with rapid expansion threatening lives of operational personnel on site.,SIF-potential,BARRIER_FAILED,Critical,Pump House 1,Oil Refinery Field Operations & Expert Curated
REF-OIL-0021,"Diesel pipeline manifold flange failed, high-pressure spray ignited, spreading fire engulfed nearby electrical cable trays.","Diesel pipeline manifold flange failed, high-pressure spray ignited, spreading fire engulfed nearby electrical cable trays.",Fire & Explosion,Critical,90,"High-pressure liquid spray fire, cable tray propagation destroying plant instrument controls, secondary flash potential",Deluge activated,"Spreading fire destroying vital electrical and instrumentation controls, creating cascading shutdown failures.",SIF-potential,BARRIER_FAILED,Critical,Pipe Manifold Area,Oil Refinery Field Operations & Expert Curated
REF-OIL-0022,"Uncontrolled hydrocarbon fire in FCCU regenerator overhead line, radiating extreme heat preventing firefighter approach.","Uncontrolled hydrocarbon fire in FCCU regenerator overhead line, radiating extreme heat preventing firefighter approach.",Fire & Explosion,Critical,92,"Extreme thermal radiation flux, inability to approach for manual firefighting, large continuous inventory",Remote water cannons positioned,Refinery catalytic cracker fire with extreme thermal radiation capable of causing third-degree burns and fatalities.,SIF-potential,BARRIER_FAILED,Critical,FCCU Plot,Oil Refinery Field Operations & Expert Curated
REF-OIL-0023,flames comming out from cdu pipe rack growing fast cant put out with portable foam,flames comming out from cdu pipe rack growing fast cant put out with portable foam,Fire & Explosion,Critical,88,"Failure of first-line firefighting barriers, growing flame front on piperack carrying multiple fuels",Fire brigade en route,Uncontained escalating fire on multi-line piperack where portable extinguishing barriers have completely failed.,SIF-potential,BARRIER_FAILED,Critical,CDU Piperack,Oil Refinery Field Operations & Expert Curated
REF-OIL-0024,Naphtha storage tank roof seal caught fire with flames expanding across the floating roof rim threatening tank boilover.,Naphtha storage tank roof seal caught fire with flames expanding across the floating roof rim threatening tank boilover.,Fire & Explosion,Critical,91,"Full tank surface fire potential, rim seal destruction, risk of catastrophic tank boilover",Subsurface foam injection started,Large atmospheric storage tank fire with acute potential for full-surface involvement and tank destruction.,SIF-potential,BARRIER_FAILED,Critical,Tank 205,Oil Refinery Field Operations & Expert Curated
REF-OIL-0025,"Major H2S gas leak (>500 ppm) from corroded heat exchanger bundle, toxic cloud drifting across main operations walkway, 2 workers collapsed.","Major H2S gas leak (>500 ppm) from corroded heat exchanger bundle, toxic cloud drifting across main operations walkway, 2 workers collapsed.",Gas Leak,Critical,95,"Lethal H2S concentration (>100 ppm is IDLH), actual casualties reported, atmospheric drift toward occupied zones",Emergency sirens sounding,Acute lethal toxic gas exposure with proven human casualties and uncontained atmospheric dispersal.,SIF-potential,BARRIER_FAILED,Critical,Amine Treater Unit,Oil Refinery Field Operations & Expert Curated
REF-OIL-0026,Worker entered crude storage tank without breathing apparatus or gas testing while internal H2S levels were 320 ppm.,Worker entered crude storage tank without breathing apparatus or gas testing while internal H2S levels were 320 ppm.,Gas Leak,Critical,93,"Unmonitored confined space entry, lethal atmospheric poison, complete absence of respiratory barrier",Standby watch spotted worker and sounded alarm,Extreme SIF precursor: entry into immediately dangerous to life or health (IDLH) toxic atmosphere without protection.,SIF-potential,BARRIER_MISSING,Critical,Tank 104,Oil Refinery Field Operations & Expert Curated
REF-OIL-0027,"Electrician racked in 11kV circuit breaker onto closed earth switch causing massive arc flash and blast, panel doors blown open.","Electrician racked in 11kV circuit breaker onto closed earth switch causing massive arc flash and blast, panel doors blown open.",Electrical / Arc Flash,Critical,94,"11,000 Volts fault energy, arc flash thermal blast > 40 cal/cm2, mechanical failure of enclosure doors",Upstream breaker tripped on overcurrent,High-voltage arc flash explosion with catastrophic thermal and blast energy directed straight at technician.,SIF-potential,BARRIER_FAILED,Critical,Main Substation B,Oil Refinery Field Operations & Expert Curated
REF-OIL-0028,"15-ton crane boom collapsed during heavy reactor head lift, load crashed across worker muster area, rigging snapped.","15-ton crane boom collapsed during heavy reactor head lift, load crashed across worker muster area, rigging snapped.",Equipment Failure,Critical,93,"15,000 kg falling mass, collapse into designated personnel gathering area, catastrophic structural failure",Area was partially cordoned,Catastrophic dropped heavy load with lethal crushing force capable of multiple fatalities.,SIF-potential,BARRIER_FAILED,Critical,Turnaround Rigging Plot,Oil Refinery Field Operations & Expert Curated
REF-OIL-0029,"Scaffolding tower at 28 meters elevation suffered base collapse during high winds, 3 workers hanging onto loose planks without harness tie-off.","Scaffolding tower at 28 meters elevation suffered base collapse during high winds, 3 workers hanging onto loose planks without harness tie-off.",Work at Height,Critical,92,"28m fall height (guaranteed fatal threshold), structural scaffold collapse, zero fall arrest anchor connected",Workers holding structural ledger,Extreme work at height imminent fall hazard where single slip results in fatal 28-meter ground impact.,SIF-potential,BARRIER_MISSING,Critical,Column C-101 Scaffolding,Oil Refinery Field Operations & Expert Curated
REF-OIL-0030,"High pressure hydrogen line operating at 120 bar suffered flange blowout, high-velocity invisible gas jet whistling loudly near hot heater.","High pressure hydrogen line operating at 120 bar suffered flange blowout, high-velocity invisible gas jet whistling loudly near hot heater.",Gas Leak,Critical,91,"120 bar hydrogen, auto-ignition risk near hot surfaces, invisible flame front, line of fire exposure",Area evacuated immediately,Pressurized hydrogen release with acute potential for instantaneous unconfined blast and severe line-of-fire injury.,SIF-potential,BARRIER_FAILED,Critical,Hydrocracker Unit,Oil Refinery Field Operations & Expert Curated
REF-OIL-0031,"Technician opened pressurized acid line without LOTO or bleeding pressure, concentrated sulfuric acid sprayed directly onto face shield and chest.","Technician opened pressurized acid line without LOTO or bleeding pressure, concentrated sulfuric acid sprayed directly onto face shield and chest.",Chemical Spill,Critical,89,"Pressurized hazardous chemical spray, LOTO bypassed, direct line-of-fire bodily contact with corrosive acid",Worker was wearing acid suit and face shield,Severe chemical line-of-fire release with potential for chemical blindness and deep systemic burns.,SIF-potential,BARRIER_BYPASSED,Critical,Alkylation Unit,Oil Refinery Field Operations & Expert Curated
REF-OIL-0032,Worker performing piping repair at 6 meters elevation on pipe rack without safety harness clipped to lifeline.,Worker performing piping repair at 6 meters elevation on pipe rack without safety harness clipped to lifeline.,Work at Height,Serious,80,"6 meter fall height exceeds fatal trauma threshold, absence of fall arrest connection",Scaffold platform had partial handrails,Significant SIF precursor: working at fatal elevation with missing personal fall arrest tie-off.,SIF-potential,BARRIER_MISSING,Serious,Offsites Piperack,Oil Refinery Field Operations & Expert Curated
REF-OIL-0033,Unisolated 415V electrical terminal box found open with live bare busbars exposed in wet rainy weather near pedestrian path.,Unisolated 415V electrical terminal box found open with live bare busbars exposed in wet rainy weather near pedestrian path.,Electrical / Arc Flash,Serious,78,"Live 415V electrical potential, water pooling creating shock conductivity, exposed to unshielded personnel",Warning cone placed nearby,Serious electrocution hazard due to energized electrical parts exposed in wet outdoor operating conditions.,SIF-potential,BARRIER_MISSING,Serious,Cooling Tower Area,Oil Refinery Field Operations & Expert Curated
REF-OIL-0034,"Heavy forklift operated at high speed in blind corner of warehouse, nearly striking walking operator who jumped aside.","Heavy forklift operated at high speed in blind corner of warehouse, nearly striking walking operator who jumped aside.",Personal Injury,Serious,76,"High kinetic mass vehicle, blind corner trajectory, pedestrian proximity in line of travel",Operator reacted and swerved,Serious near-miss with mobile industrial machinery having potential for life-altering crush injury.,SIF-potential,BARRIER_COMPROMISED,Serious,Central Warehouse,Oil Refinery Field Operations & Expert Curated
REF-OIL-0035,"Nitrogen purge hose disconnected while under 7 bar pressure, whipping violently across the deck striking handrails.","Nitrogen purge hose disconnected while under 7 bar pressure, whipping violently across the deck striking handrails.",Equipment Failure,Serious,77,"Pressurized whipping hose dynamic energy, line-of-fire impact hazard",No personnel in direct line of fire at moment of disconnect,Dynamic high-pressure hose whip capable of severe blunt force trauma or skull fracture.,SIF-potential,BARRIER_FAILED,Serious,Utility Station 4,Oil Refinery Field Operations & Expert Curated
REF-OIL-0036,Flange bolts found loosened on high-pressure sour crude oil line before positive physical isolation was confirmed.,Flange bolts found loosened on high-pressure sour crude oil line before positive physical isolation was confirmed.,Gas Leak,Serious,82,"Potential high-pressure hydrocarbon and H2S release, procedural LOTO breakdown",Technician stopped work before separating flange faces,Critical procedural violation on high-energy toxic line caught just prior to containment loss.,SIF-potential,BARRIER_BYPASSED,Serious,Crude Manifold,Oil Refinery Field Operations & Expert Curated
REF-OIL-0037,Overhead crane hoist brake slipped 1 meter while transporting 3-ton compressor casing over maintenance workshop.,Overhead crane hoist brake slipped 1 meter while transporting 3-ton compressor casing over maintenance workshop.,Equipment Failure,Serious,81,"Heavy suspended load, mechanical brake degradation, potential for sudden drop",Area was cordoned off below,Compromised crane lifting barrier with heavy mass suspended over workshop personnel floor.,SIF-potential,BARRIER_COMPROMISED,Serious,Mechanical Workshop,Oil Refinery Field Operations & Expert Curated
REF-OIL-0038,scafold plank cracked worker stepped on it and nearly sliped down 8 meters,scafold plank cracked worker stepped on it and nearly sliped down 8 meters,Work at Height,Serious,79,"8m elevation, damaged load-bearing plank, worker lost footing",Worker caught onto scaffold tube with hands,Substandard working platform at fatal height where barrier degradation directly led to near-fall event.,SIF-potential,BARRIER_FAILED,Serious,Unit 3 Column,Oil Refinery Field Operations & Expert Curated
REF-OIL-0039,Contractor grinding steel near fuel oil sample point with flammable vapor reading at 25% LEL without hot work permit.,Contractor grinding steel near fuel oil sample point with flammable vapor reading at 25% LEL without hot work permit.,Fire & Explosion,Serious,83,"Ignition sparks in flammable vapor atmosphere, hot work authorization omitted",Safety officer intervened and stopped work immediately,"Active ignition source introduced into flammable atmosphere, creating acute flash fire precursor.",SIF-potential,BARRIER_BYPASSED,Serious,Fuel Oil Blending,Oil Refinery Field Operations & Expert Curated
REF-OIL-0040,"Acid drum tipped over during forklift transfer, leaking 50 liters of 70% hydrofluoric acid into outdoor unbunded gravel.","Acid drum tipped over during forklift transfer, leaking 50 liters of 70% hydrofluoric acid into outdoor unbunded gravel.",Chemical Spill,Serious,84,"Highly toxic corrosive hydrofluoric acid, lack of secondary containment, toxic vapor generation",Spill response team deployed calcium gluconate neutralizing agent,Uncontained release of extremely hazardous chemical capable of fatal skin absorption and respiratory toxicity.,SIF-potential,BARRIER_FAILED,Serious,Chemical Storage Yard,Oil Refinery Field Operations & Expert Curated
REF-OIL-0041,Trench wall collapsed in 2.5m deep excavation while worker was installing drainage pipe without trench box shoring.,Trench wall collapsed in 2.5m deep excavation while worker was installing drainage pipe without trench box shoring.,Equipment Failure,Serious,82,"Soil engulfment hazard, depth > 2m, complete absence of protective shoring cage","Soil pinned worker up to waist, fellow crew dug him out",Serious cave-in incident with acute asphyxiation and crushing hazard from unbarricaded excavation walls.,SIF-potential,BARRIER_MISSING,Serious,Offsite Utilities Trench,Oil Refinery Field Operations & Expert Curated
REF-OIL-0042,"Packing gland on hot bitumen valve started smoking with minor 10cm localized flame, extinguished within 30 seconds with 5kg dry powder.","Packing gland on hot bitumen valve started smoking with minor 10cm localized flame, extinguished within 30 seconds with 5kg dry powder.",Fire & Explosion,Moderate,48,"Thermal ignition of hydrocarbon residue, localized flame","Immediate prompt extinguishment, no propagation, zero pressure blowout, valve isolated",Localized small equipment fire extinguished promptly without spread or threat to life.,Non-SIF-potential,BARRIER_PRESENT,Moderate,Bitumen Plant,Oil Refinery Field Operations & Expert Curated
REF-OIL-0043,"Hydraulic oil line on mobile crane developed pinhole leak spraying fine mist onto hot engine exhaust, creating heavy smoke but no open flame.","Hydraulic oil line on mobile crane developed pinhole leak spraying fine mist onto hot engine exhaust, creating heavy smoke but no open flame.",Fire & Explosion,Moderate,52,"Flammable fluid spray near hot surface, fire precursor","Engine killed immediately, fire extinguisher staged, no flame erupted",Potential ignition hazard controlled rapidly before fire could establish.,Non-SIF-potential,BARRIER_PRESENT,Moderate,Crane Laydown Area,Oil Refinery Field Operations & Expert Curated
REF-OIL-0044,small flame on pump p12 caught grease wiped out with co2 extinguisher immediately no damage,small flame on pump p12 caught grease wiped out with co2 extinguisher immediately no damage,Fire & Explosion,Moderate,38,Small localized open flame on grease deposit,"Zero propagation, rapid operator action with portable extinguisher, zero damage",Minor surface fire controlled immediately by worker; low consequence potential.,Non-SIF-potential,BARRIER_PRESENT,Moderate,Pump Station 5,Oil Refinery Field Operations & Expert Curated
REF-OIL-0045,"Chemical drum valve weeping slowly, approximately 10 liters of diluted detergent spilled inside concrete containment bund.","Chemical drum valve weeping slowly, approximately 10 liters of diluted detergent spilled inside concrete containment bund.",Chemical Spill,Moderate,36,"Chemical liquid release, minor slip hazard","Secondary concrete bund completely contained spill, low toxicity liquid",Contained industrial spill with effective secondary containment preventing environmental or worker harm.,Non-SIF-potential,BARRIER_PRESENT,Moderate,Washdown Bay,Oil Refinery Field Operations & Expert Curated
REF-OIL-0046,"Worker slipped on oily floor grating near slop tank and bruised left knee, grating had missing anti-skid coating.","Worker slipped on oily floor grating near slop tank and bruised left knee, grating had missing anti-skid coating.",Personal Injury,Moderate,40,"Surface slip on walkway, minor personal contusion","Same-level fall, zero high-energy exposure, no head impact",Low-energy slip and fall resulting in minor first-aid injury without serious consequence potential.,Non-SIF-potential,BARRIER_COMPROMISED,Moderate,Slop Tank Area,Oil Refinery Field Operations & Expert Curated
REF-OIL-0047,Portable angle grinder guard was missing while worker trimmed unpressurized steel bracket in fabrication shop.,Portable angle grinder guard was missing while worker trimmed unpressurized steel bracket in fabrication shop.,Equipment Failure,Moderate,58,"Missing machine guard barrier, wheel shatter risk","Worker wearing full face shield and leather gloves, low-mass workpiece",Machinery safety violation with PPE barriers mitigating potential injury severity.,Non-SIF-potential,BARRIER_MISSING,Moderate,Fabrication Shop,Oil Refinery Field Operations & Expert Curated
REF-OIL-0048,diesel leak from drain valve about 5 liters on concrete floor drained into oil water separator,diesel leak from drain valve about 5 liters on concrete floor drained into oil water separator,Chemical Spill,Moderate,42,"Flammable liquid on floor, hydrocarbon odor","Drained into designed oily water drainage system, ignition sources isolated",Contained fuel leak managed by plant drainage infrastructure without escalation.,Non-SIF-potential,BARRIER_PRESENT,Moderate,Diesel Day Tank,Oil Refinery Field Operations & Expert Curated
REF-OIL-0049,"Handrail on secondary stairway loose and wobbling when pushed, bolt missing on middle stanchion.","Handrail on secondary stairway loose and wobbling when pushed, bolt missing on middle stanchion.",Work at Height,Moderate,35,"Degraded stairway barrier, potential loss of balance","Stairway enclosed, wide steps, low elevation change",Compromised architectural barrier with low probability of serious fall consequence.,Non-SIF-potential,BARRIER_COMPROMISED,Moderate,Unit 2 Staircase,Oil Refinery Field Operations & Expert Curated
REF-OIL-0050,Exposed 24V DC instrument cable lying across operator walkway creating a tripping obstacle.,Exposed 24V DC instrument cable lying across operator walkway creating a tripping obstacle.,Electrical / Arc Flash,Moderate,32,"Trip obstacle on walkway, cable abrasion risk",Extra-low voltage (24V DC) poses zero shock or arc flash hazard,Low-voltage cable causing minor housekeeping trip hazard without electrical energy risk.,Non-SIF-potential,BARRIER_INSUFFICIENT_INFO,Moderate,Control Room Walkway,Oil Refinery Field Operations & Expert Curated
REF-OIL-0051,Small pinhole leak on 2-inch utility cooling water pipe dripping 1 liter per minute onto asphalt road.,Small pinhole leak on 2-inch utility cooling water pipe dripping 1 liter per minute onto asphalt road.,Equipment Failure,Moderate,30,"Piping degradation, puddle formation","Low pressure non-hazardous ambient water, away from electrical gear",Low consequence utility water piping leak without hazardous energy or chemical exposure.,Non-SIF-potential,BARRIER_COMPROMISED,Moderate,Roadway 3,Oil Refinery Field Operations & Expert Curated
REF-OIL-0052,"Small controlled fire inside designated burn pit for emergency response training, safely extinguished with handheld extinguisher.","Small controlled fire inside designated burn pit for emergency response training, safely extinguished with handheld extinguisher.",Fire & Explosion,Low,22,Controlled ignition of diesel tray in fire pit,"Designated concrete burn pit, trained ERT crew on standby, fire monitors ready, safely put out with extinguisher","Planned, fully controlled fire training exercise within designated containment with zero escalation risk.",Non-SIF-potential,BARRIER_PRESENT,Low,Fire Training Ground,Oil Refinery Field Operations & Expert Curated
REF-OIL-0053,"Minor lube oil leak of approximately 50ml onto concrete drip tray beneath pump P-101. Fully contained, wiped with absorbents.","Minor lube oil leak of approximately 50ml onto concrete drip tray beneath pump P-101. Fully contained, wiped with absorbents.",Chemical Spill,Low,15,50ml oil seepage,"Dedicated drip tray caught 100% of volume, wiped clean immediately, zero hot surface contact, zero environmental escape",Negligible volume contained on engineered drip pan; zero life-threatening or fire escalation potential.,Non-SIF-potential,BARRIER_PRESENT,Low,Pump P-101 Skid,Oil Refinery Field Operations & Expert Curated
REF-OIL-0054,little oil on floor in tray wipe up 50ml clean with rag,little oil on floor in tray wipe up 50ml clean with rag,Chemical Spill,Low,14,Very small oil drip,"Caught in tray, wiped immediately with rag, no hazard left",Informal report of minor routine lube oil drip caught in drip tray and cleaned up.,Non-SIF-potential,BARRIER_PRESENT,Low,Compressor Shed,Oil Refinery Field Operations & Expert Curated
REF-OIL-0055,Welding spark landed on fire blanket during hot work and was immediately quenched with water bottle by designated fire watcher.,Welding spark landed on fire blanket during hot work and was immediately quenched with water bottle by designated fire watcher.,Fire & Explosion,Low,20,Hot work spark on blanket,"Fire blanket protected piping, dedicated fire watch present with water, zero smoldering, zero spread",Safety controls functioned flawlessly; designated fire watch quenched single spark instantly.,Non-SIF-potential,BARRIER_PRESENT,Low,Maintenance Bay,Oil Refinery Field Operations & Expert Curated
REF-OIL-0056,"Small paper trash can fire in maintenance office smoking, extinguished in 5 seconds with 2kg CO2 extinguisher.","Small paper trash can fire in maintenance office smoking, extinguished in 5 seconds with 2kg CO2 extinguisher.",Fire & Explosion,Low,24,Small office paper ignition,"Contained inside metal bin, rapidly extinguished with CO2, zero process proximity, zero damage",Minor non-industrial paper bin ignition safely put out within seconds.,Non-SIF-potential,BARRIER_PRESENT,Low,Workshop Office,Oil Refinery Field Operations & Expert Curated
REF-OIL-0057,tiny flame on rag put out in sec with water bucket,tiny flame on rag put out in sec with water bucket,Fire & Explosion,Low,18,Single rag scorch,"Extinguished in seconds with water bucket, isolated location",Informal report of tiny smoldering rag extinguished immediately without hazard.,Non-SIF-potential,BARRIER_PRESENT,Low,Welding Shop,Oil Refinery Field Operations & Expert Curated
REF-OIL-0058,"Drip of approximately 100ml diesel fuel from sampling valve caught in dedicated sample bucket, no ground contamination.","Drip of approximately 100ml diesel fuel from sampling valve caught in dedicated sample bucket, no ground contamination.",Chemical Spill,Low,16,Minor fuel drip,"Captured fully in sample bucket, sample valve closed tight",Routine sample collection drip captured in bucket without leakage or exposure.,Non-SIF-potential,BARRIER_PRESENT,Low,Sample Station 2,Oil Refinery Field Operations & Expert Curated
REF-OIL-0059,Controlled test ignition of pilot burner on flare stack executed successfully according to standard startup procedure.,Controlled test ignition of pilot burner on flare stack executed successfully according to standard startup procedure.,Fire & Explosion,Low,20,Thermal pilot burner flame,"Engineered flare stack tip, controlled electronic ignition, normal operating envelope",Routine engineered flare pilot ignition executed under safe operating parameters.,Non-SIF-potential,BARRIER_PRESENT,Low,Elevated Flare Stack,Oil Refinery Field Operations & Expert Curated
REF-OIL-0060,"Two drops of hydraulic oil noticed on compressor skid baseplate, wiped clean with shop rag during daily inspection.","Two drops of hydraulic oil noticed on compressor skid baseplate, wiped clean with shop rag during daily inspection.",Chemical Spill,Low,12,Trivial oil drops,"Wiped immediately, skid plate clean, zero leakage running",Trivial surface weep during routine inspection with zero consequence potential.,Non-SIF-potential,BARRIER_PRESENT,Low,Compressor Skid,Oil Refinery Field Operations & Expert Curated
REF-OIL-0061,small fire in burn pit for trainig put out safely by team,small fire in burn pit for trainig put out safely by team,Fire & Explosion,Low,20,Controlled fire training,"Designated burn pit, training team extinguished it safely",Planned firefighting training exercise executed safely in designated burn facility.,Non-SIF-potential,BARRIER_PRESENT,Low,Training Area,Oil Refinery Field Operations & Expert Curated
REF-OIL-0062,Conducted morning safety toolbox talk discussing lessons learned from the 2005 Texas City refinery explosion.,Conducted morning safety toolbox talk discussing lessons learned from the 2005 Texas City refinery explosion.,Safety Drill / Negative Context,Low,10,"Dangerous keywords 'explosion', 'refinery' present in text","Administrative safety meeting, educational review, zero operational hazard, no physical event occurred",Classroom toolbox safety review discussing historical industrial incident; no active plant hazard.,Non-SIF-potential,BARRIER_PRESENT,Low,Meeting Room A,Oil Refinery Field Operations & Expert Curated
REF-OIL-0063,Emergency response fire drill conducted at Tank Farm 2 to test fire monitor water pressure and foam cannons.,Emergency response fire drill conducted at Tank Farm 2 to test fire monitor water pressure and foam cannons.,Safety Drill / Negative Context,Low,16,"Keywords 'fire', 'tank farm', 'drill' present","Planned simulation drill, water and synthetic foam tested safely, all personnel accounted for",Scheduled emergency response drill evaluating fire suppression equipment; zero actual fire or threat.,Non-SIF-potential,BARRIER_PRESENT,Low,Tank Farm 2,Oil Refinery Field Operations & Expert Curated
REF-OIL-0064,Completed monthly routine inspection of 45 fire extinguishers and hose reels in Unit 1; all pressure gauges in green zone.,Completed monthly routine inspection of 45 fire extinguishers and hose reels in Unit 1; all pressure gauges in green zone.,Safety Drill / Negative Context,Low,12,"Keywords 'fire extinguishers', 'hose reels'","Equipment verification, all units tagged and compliant, zero emergency",Routine maintenance audit of emergency safety equipment with zero active hazard.,Non-SIF-potential,BARRIER_PRESENT,Low,Unit 1 Operating Area,Oil Refinery Field Operations & Expert Curated
REF-OIL-0065,Safety stand-down held in workshop to discuss proper use of explosion-proof flashlights in hazardous classified areas.,Safety stand-down held in workshop to discuss proper use of explosion-proof flashlights in hazardous classified areas.,Safety Drill / Negative Context,Low,10,"Keywords 'explosion-proof', 'hazardous areas'","Educational safety communication, safety awareness meeting",Worker awareness discussion on hazardous area electrical ratings; no active incident.,Non-SIF-potential,BARRIER_PRESENT,Low,Electrical Shop,Oil Refinery Field Operations & Expert Curated
REF-OIL-0066,Delivered training presentation on chemical spill containment kits and eyewash station maintenance procedures.,Delivered training presentation on chemical spill containment kits and eyewash station maintenance procedures.,Safety Drill / Negative Context,Low,10,"Keywords 'chemical spill', 'containment kits'","Classroom procedural training session, no chemicals handled",Safety training session on spill kit readiness with zero physical hazardous release.,Non-SIF-potential,BARRIER_PRESENT,Low,Safety Training Room,Oil Refinery Field Operations & Expert Curated
REF-OIL-0067,"Conducted scheduled fire water deluge test on sphere 101, all spray nozzles verified clear and flowing clean water.","Conducted scheduled fire water deluge test on sphere 101, all spray nozzles verified clear and flowing clean water.",Safety Drill / Negative Context,Low,14,"Keywords 'fire water deluge', 'sphere'",Routine functional test of deluge defense barriers using clean water,Preventive functional test of fire protection system confirming barrier readiness.,Non-SIF-potential,BARRIER_PRESENT,Low,Sphere 101,Oil Refinery Field Operations & Expert Curated
REF-OIL-0068,Reviewed historical case study of Piper Alpha gas explosion during quarterly process safety management workshop.,Reviewed historical case study of Piper Alpha gas explosion during quarterly process safety management workshop.,Safety Drill / Negative Context,Low,10,"Keywords 'gas explosion', 'Piper Alpha'",Historical academic process safety case study discussion,Theoretical educational review of past disaster to reinforce permit-to-work compliance.,Non-SIF-potential,BARRIER_PRESENT,Low,Conference Hall,Oil Refinery Field Operations & Expert Curated
REF-OIL-0069,safety talk about fire prevention in pump room with operators today,safety talk about fire prevention in pump room with operators today,Safety Drill / Negative Context,Low,10,"Keywords 'fire', 'pump room'","Informal safety communication, preventive discussion",Toolbox discussion on good housekeeping and fire prevention in machinery rooms.,Non-SIF-potential,BARRIER_PRESENT,Low,Pump House,Oil Refinery Field Operations & Expert Curated
REF-OIL-0070,Replaced 2 discharged fire extinguisher inspection tags in warehouse corridor during safety walkabout.,Replaced 2 discharged fire extinguisher inspection tags in warehouse corridor during safety walkabout.,Safety Drill / Negative Context,Low,8,Keywords 'fire extinguisher',"Tag replacement, administrative documentation update",Routine administrative upkeep of extinguisher inspection tags; no operational defect.,Non-SIF-potential,BARRIER_PRESENT,Low,Warehouse Corridor,Oil Refinery Field Operations & Expert Curated
REF-OIL-0071,Conducted annual full-scale plant evacuation fire drill with local municipal emergency fire services participating.,Conducted annual full-scale plant evacuation fire drill with local municipal emergency fire services participating.,Safety Drill / Negative Context,Low,18,"Keywords 'plant evacuation', 'fire drill', 'fire services'","Simulated exercise, full safety supervision, plant in safe steady state",Controlled emergency readiness exercise to validate evacuation muster protocols.,Non-SIF-potential,BARRIER_PRESENT,Low,Refinery Wide,Oil Refinery Field Operations & Expert Curated
REF-OIL-0072,Something smelled weird near unit.,Something smelled weird near unit.,Vague / Insufficient Info,Low,18,Unspecified odor reported,"No identified hazard, no location, no pressure/energy vector specified","Description lacks operational details, hazard classification, or location; elevated assessment uncertainty.",Non-SIF-potential,BARRIER_INSUFFICIENT_INFO,Low,Unknown Unit,Oil Refinery Field Operations & Expert Curated
REF-OIL-0073,Noise heard near equipment yesterday.,Noise heard near equipment yesterday.,Vague / Insufficient Info,Low,16,Unspecified acoustic observation,"No specific machinery identified, no operating anomaly confirmed",Vague report with missing operational data; requires physical inspection to determine credibility.,Non-SIF-potential,BARRIER_INSUFFICIENT_INFO,Low,Plant Area,Oil Refinery Field Operations & Expert Curated
REF-OIL-0074,Worker felt unsafe in the area.,Worker felt unsafe in the area.,Vague / Insufficient Info,Low,18,Subjective worker concern,"Zero details on energy source, task, hazard vector, or barrier status",Subjective perception lacking factual hazard evidence; high uncertainty assessment.,Non-SIF-potential,BARRIER_INSUFFICIENT_INFO,Low,General Plant,Oil Refinery Field Operations & Expert Curated
REF-OIL-0075,Need someone to check pump area.,Need someone to check pump area.,Vague / Insufficient Info,Low,15,General maintenance request,No hazard or failure described,General work request without safety observation details; indeterminate risk.,Non-SIF-potential,BARRIER_INSUFFICIENT_INFO,Low,Pump Area,Oil Refinery Field Operations & Expert Curated
REF-OIL-0076,Small issue observed during night shift.,Small issue observed during night shift.,Vague / Insufficient Info,Low,16,Indeterminate issue,"No energy, no exposure, no barrier information",Extremely vague observation report lacking essential safety parameters.,Non-SIF-potential,BARRIER_INSUFFICIENT_INFO,Low,Night Shift Plot,Oil Refinery Field Operations & Expert Curated
REF-OIL-0077,saw smoke comming from somewhere in distance,saw smoke comming from somewhere in distance,Vague / Insufficient Info,Low,22,Unconfirmed distant smoke sighting,"No verified source, no unit identified, no personnel known exposed",Distant unconfirmed visual observation requiring field verification before risk assessment.,Non-SIF-potential,BARRIER_INSUFFICIENT_INFO,Low,Distance Boundary,Oil Refinery Field Operations & Expert Curated
REF-OIL-0078,Massive explosion ripped through hydrogen compressor unit 4 with violent shockwave flattening scaffolding towers.,Massive explosion ripped through hydrogen compressor unit 4 with violent shockwave flattening scaffolding towers.,Fire & Explosion,Critical,95,"High-pressure hydrogen explosion, scaffolding collapse, supersonic shockwave, active plot",Automated ESD shutdown initiated,Devastating explosion with lethal overpressure and blast shrapnel destroying structures.,SIF-potential,BARRIER_FAILED,Critical,Hydrogen Compressor 4,Oil Refinery Field Operations & Expert Curated
REF-OIL-0079,huge blast at tank area all windows broken fire high in sky,huge blast at tank area all windows broken fire high in sky,Fire & Explosion,Critical,93,"Shattered glass indicates high overpressure wave, large visible fire column, bulk tank proximity",Emergency responders mobilizing,Informal report confirming catastrophic blast wave overpressure and major escalating fire.,SIF-potential,BARRIER_FAILED,Critical,Tank Farm Area,Oil Refinery Field Operations & Expert Curated
REF-OIL-0080,"Boiler blast in utility plant blew inspection hatch off with tremendous force, hot steam and flames filling building.","Boiler blast in utility plant blew inspection hatch off with tremendous force, hot steam and flames filling building.",Fire & Explosion,Critical,92,"High pressure steam and fire explosion, heavy missile projectile hazard, enclosed building trap",Automatic boiler trip actuated,Severe utility boiler explosion creating deadly thermal blast and ballistic projectile hazards.,SIF-potential,BARRIER_FAILED,Critical,Utility Boiler House,Oil Refinery Field Operations & Expert Curated
REF-OIL-0081,"Crude distillation pump P-102 caught fire, flames spreading across piperack and impinging on high-pressure naphtha line.","Crude distillation pump P-102 caught fire, flames spreading across piperack and impinging on high-pressure naphtha line.",Fire & Explosion,Critical,91,"Impingement on high-pressure naphtha line, rapid escalation threat, multi-tier fire",Fixed foam deluge activated by operator,Escalating process fire impinging directly on pressurized light hydrocarbon line.,SIF-potential,BARRIER_FAILED,Critical,CDU Pump Area,Oil Refinery Field Operations & Expert Curated
REF-OIL-0082,fire expanding into unit 2 cant put out with portable foam need fire brigade now,fire expanding into unit 2 cant put out with portable foam need fire brigade now,Fire & Explosion,Critical,90,"Handheld extinguishing barriers completely overwhelmed, fire encroaching into adjacent operational unit",Plant fire brigade dispatched,Urgent operational report of uncontained propagating fire that has breached initial response barriers.,SIF-potential,BARRIER_FAILED,Critical,Unit 2 Border,Oil Refinery Field Operations & Expert Curated
REF-OIL-0083,Uncontained burning gasoline pool fire spreading along drainage canal towards process wastewater separators.,Uncontained burning gasoline pool fire spreading along drainage canal towards process wastewater separators.,Fire & Explosion,Critical,89,"Running liquid pool fire, propagation along open drain network, vapor cloud ignition hazard",Foam barrier laid at canal interceptor,High-velocity spreading pool fire utilizing plant drainage system as propagation pathway.,SIF-potential,BARRIER_FAILED,Critical,Drainage Canal 3,Oil Refinery Field Operations & Expert Curated
REF-OIL-0084,"H2S alarm triggered at 85 ppm on amine regenerator overhead line, operators observed yellow sulfur staining and smelled strong gas.","H2S alarm triggered at 85 ppm on amine regenerator overhead line, operators observed yellow sulfur staining and smelled strong gas.",Gas Leak,Critical,90,"85 ppm H2S exceeds occupational ceiling (>10 ppm is hazardous, 100 ppm lethal), active leak","Area evacuated, breathing apparatus donned",Dangerous toxic gas concentration capable of causing pulmonary edema and knockdown within minutes.,SIF-potential,BARRIER_FAILED,Critical,Amine Regeneration,Oil Refinery Field Operations & Expert Curated
REF-OIL-0085,"High pressure methane gas leaking from corroded weld on separator gas outlet, loud whistling sound and gas cloud visible in sunlight.","High pressure methane gas leaking from corroded weld on separator gas outlet, loud whistling sound and gas cloud visible in sunlight.",Gas Leak,Critical,88,"High pressure hydrocarbon release, visible gas density inversion, loud acoustic energy indicating high flow rate",Unit depressurization started,High-pressure flammable gas blowout with acute vapor cloud ignition and flash fire potential.,SIF-potential,BARRIER_FAILED,Critical,Separator Skid,Oil Refinery Field Operations & Expert Curated
REF-OIL-0086,gas leak near furnace loud hissing flame detector blared warning,gas leak near furnace loud hissing flame detector blared warning,Gas Leak,Critical,89,"Flammable gas release directly adjacent to open furnace firebox, immediate ignition source",Automated slam-shut valve tripped,High-risk proximity between major flammable gas release and active process ignition source.,SIF-potential,BARRIER_FAILED,Critical,Furnace F-101,Oil Refinery Field Operations & Expert Curated
REF-OIL-0087,5000-liter hot caustic soda tank drained into open roadway after operator opened wrong manual drain valve without permit.,5000-liter hot caustic soda tank drained into open roadway after operator opened wrong manual drain valve without permit.,Chemical Spill,Serious,83,"Massive chemical volume, corrosive hot caustic liquid, uncontained pedestrian roadway flooding",Neutralization team dispatched with acid wash,High-volume toxic chemical spill on roadway presenting severe chemical burn hazard to plant workers.,SIF-potential,BARRIER_BYPASSED,Serious,Water Treatment Plant,Oil Refinery Field Operations & Expert Curated
REF-OIL-0088,"Minor hydraulic oil drip of 100ml from forklift steering ram onto asphalt parking lot, absorbed with sawdust immediately.","Minor hydraulic oil drip of 100ml from forklift steering ram onto asphalt parking lot, absorbed with sawdust immediately.",Chemical Spill,Low,15,Small 100ml volume,"Non-hazardous lubricant, absorbed immediately with sawdust, parking lot area",Localized minor hydraulic seep without operational hazard or environmental breach.,Non-SIF-potential,BARRIER_PRESENT,Low,Forklift Parking,Oil Refinery Field Operations & Expert Curated
REF-OIL-0089,lube oil drip 50ml under turbine bearing caught in pan all clean,lube oil drip 50ml under turbine bearing caught in pan all clean,Chemical Spill,Low,14,50ml oil seep,"Captured fully in pan, zero contact with hot steam lines, wiped clean",Trivial oil weeping collected in engineered capture pan with zero escalation risk.,Non-SIF-potential,BARRIER_PRESENT,Low,Turbine Hall,Oil Refinery Field Operations & Expert Curated
REF-OIL-0090,"Scaffolder dropped 12kg steel coupler from 18m height, coupler crashed through corrugated roof 1 meter from technician.","Scaffolder dropped 12kg steel coupler from 18m height, coupler crashed through corrugated roof 1 meter from technician.",Work at Height,Critical,89,"18 meter drop height, heavy steel object, lethal impact kinetic energy (> 2000 Joules), near-miss with worker",Technician stepped away seconds prior,Critical dropped object precursor where kinetic energy was far in excess of fatal head trauma threshold.,SIF-potential,BARRIER_MISSING,Critical,Scaffold Overhaul Plot,Oil Refinery Field Operations & Expert Curated
REF-OIL-0091,Contractor working on pipe bridge 12 meters above ground with harness worn but lanyard dangling unattached.,Contractor working on pipe bridge 12 meters above ground with harness worn but lanyard dangling unattached.,Work at Height,Serious,82,"12m fatal fall height, fall arrest harness unanchored",Solid grating platform underfoot,Severe procedural violation at fatal elevation; zero fall protection active in event of trip.,SIF-potential,BARRIER_MISSING,Serious,Pipe Bridge East,Oil Refinery Field Operations & Expert Curated
REF-OIL-0092,small tool sliped from hand fell 1 meter onto soft soil no one around,small tool sliped from hand fell 1 meter onto soft soil no one around,Work at Height,Low,15,1 meter low drop,"Soft soil, zero personnel below, low kinetic energy",Low-energy dropped tool at knee height without injury consequence.,Non-SIF-potential,BARRIER_INSUFFICIENT_INFO,Low,Ground Trench,Oil Refinery Field Operations & Expert Curated
REF-OIL-0093,Technician opened energized 6.6kV switchgear cubicle after testing interlock had been defeated with mechanical override key.,Technician opened energized 6.6kV switchgear cubicle after testing interlock had been defeated with mechanical override key.,Electrical / Arc Flash,Critical,92,"6,600 Volts energized busbar, interlock safety barrier deliberately defeated, direct physical access",Technician realized before touching busbar and withdrew,Critical SIF precursor: defeated barrier allowing direct physical access to high-voltage live conductors.,SIF-potential,BARRIER_BYPASSED,Critical,Substation 3,Oil Refinery Field Operations & Expert Curated
REF-OIL-0094,Extension cord with cracked outer insulation used to power portable 110V inspection lamp on dry concrete floor.,Extension cord with cracked outer insulation used to power portable 110V inspection lamp on dry concrete floor.,Electrical / Arc Flash,Moderate,35,Degraded cord insulation,"110V reduced voltage system, dry environment, ground fault circuit interrupter (GFCI) active",Damaged insulation on portable cord mitigated by GFCI and dry operating environment.,Non-SIF-potential,BARRIER_COMPROMISED,Moderate,Maintenance Shed,Oil Refinery Field Operations & Expert Curated
REF-OIL-0095,Conveyor belt tail pulley nip point guard missing while workers actively shovel spilled sulfur 30cm from rotating drum.,Conveyor belt tail pulley nip point guard missing while workers actively shovel spilled sulfur 30cm from rotating drum.,Equipment Failure,Serious,80,"Unshielded rotating pinch point, workers in direct line of fire (<30cm), high kinetic entrapment hazard",Worker stepped back when warned,Acute machinery entrapment hazard with potential for catastrophic limb amputation or crushing.,SIF-potential,BARRIER_MISSING,Serious,Sulfur Pastillation Plant,Oil Refinery Field Operations & Expert Curated
REF-OIL-0096,Plastic safety cover loose on small electric water cooler motor in administration break room.,Plastic safety cover loose on small electric water cooler motor in administration break room.,Equipment Failure,Low,12,Loose cosmetic cover,"Fractional horsepower small domestic appliance, low torque, office setting",Negligible mechanical hazard on small low-power office appliance.,Non-SIF-potential,BARRIER_COMPROMISED,Low,Break Room,Oil Refinery Field Operations & Expert Curated
REF-OIL-0097,distillation colum boiler blew out fire spread to main piperack emergency horn sounded,distillation colum boiler blew out fire spread to main piperack emergency horn sounded,Fire & Explosion,Critical,93,"Boiler blowout, fire spreading to main piperack carrying hydrocarbons, emergency alarm","Plant emergency horn sounded, operators evacuating",Catastrophic boiler failure with spreading fire along vital piperack infrastructure.,SIF-potential,BARRIER_FAILED,Critical,Distillation Unit,Oil Refinery Field Operations & Expert Curated
REF-OIL-0098,cdu pump p-104 mechanical seal ruptured spraying hot naphtha burning across deck,cdu pump p-104 mechanical seal ruptured spraying hot naphtha burning across deck,Fire & Explosion,Critical,91,"Mechanical seal rupture, hot naphtha liquid spray, active burning pool on deck",Remote ESD valve activated,High-temperature volatile hydrocarbon seal blowout creating spreading surface fire.,SIF-potential,BARRIER_FAILED,Critical,CDU Pump Plot,Oil Refinery Field Operations & Expert Curated
REF-OIL-0099,blast in reformer heater tube fire spreading rapidly emergency shutdown,blast in reformer heater tube fire spreading rapidly emergency shutdown,Fire & Explosion,Critical,92,"Heater tube rupture, rapid fire expansion, heater structural damage",Emergency shutdown activated,Reformer furnace explosion with spreading fire posing acute structural failure risk.,SIF-potential,BARRIER_FAILED,Critical,Reformer Heater,Oil Refinery Field Operations & Expert Curated
REF-OIL-0100,heavy explosion at gas compressor room roof collapsed two workers trapped inside,heavy explosion at gas compressor room roof collapsed two workers trapped inside,Fire & Explosion,Critical,97,"Structural roof collapse, workers trapped inside high-energy gas zone, blast destruction",Rescue team mobilizing,Catastrophic compressor room blast with trapped personnel in life-threatening condition.,SIF-potential,BARRIER_FAILED,Critical,Compressor House 1,Oil Refinery Field Operations & Expert Curated
REF-OIL-0101,flash fire and explosion in fuel oil tank farm massive black smoke spreading toward unit,flash fire and explosion in fuel oil tank farm massive black smoke spreading toward unit,Fire & Explosion,Critical,94,"Flash fire, tank farm explosion, massive propagating smoke plume and radiant heat",Foam monitor system actuated,Tank farm explosion with acute escalation potential across multi-tank storage inventory.,SIF-potential,BARRIER_FAILED,Critical,Fuel Oil Tank Farm,Oil Refinery Field Operations & Expert Curated
REF-OIL-0102,propane accumulator vessel ruptured blast wave shattered office doors 100 meters away,propane accumulator vessel ruptured blast wave shattered office doors 100 meters away,Fire & Explosion,Critical,95,"High-pressure propane vessel rupture, blast overpressure wave extending 100m",Unit automatically tripped,Catastrophic BLEVE / vessel burst with supersonic overpressure wave impacting distant structures.,SIF-potential,BARRIER_FAILED,Critical,Gas Plant Plot,Oil Refinery Field Operations & Expert Curated
REF-OIL-0103,flames leaped 15m from cracked flange on hot crude line heading for piperack,flames leaped 15m from cracked flange on hot crude line heading for piperack,Fire & Explosion,Critical,91,"15-meter flame jet, cracked flange under pressure, heading for main piperack",Fire monitor water screen deployed,Major high-pressure crude jet fire directly impinging on critical piperack structure.,SIF-potential,BARRIER_FAILED,Critical,Crude Unit Piperack,Oil Refinery Field Operations & Expert Curated
REF-OIL-0104,tank 304 overfilled gasoline overflow ignited major fire spreading across bund,tank 304 overfilled gasoline overflow ignited major fire spreading across bund,Fire & Explosion,Critical,93,"Loss of primary containment, ignited gasoline pool spreading across large bund wall","Bund containment wall intact, foam deluge activated",Major spreading storage tank bund fire with extreme thermal radiation and boilover risk.,SIF-potential,BARRIER_FAILED,Critical,Tank 304,Oil Refinery Field Operations & Expert Curated
REF-OIL-0105,hot work spark landed on wet rag and was extinguished with water cup immediately by fire watch,hot work spark landed on wet rag and was extinguished with water cup immediately by fire watch,Fire & Explosion,Low,18,Single spark on wet rag,"Fire watch present, quenched instantly with water cup, zero flame established, zero damage",Standard hot work mitigation; single spark extinguished on contact with water cup.,Non-SIF-potential,BARRIER_PRESENT,Low,Boiler Platform,Oil Refinery Field Operations & Expert Curated
REF-OIL-0106,small trash fire in smoking shelter extinguished with garden hose in 20 sec completely cold,small trash fire in smoking shelter extinguished with garden hose in 20 sec completely cold,Fire & Explosion,Low,22,Smoking shelter trash can ignition,"Hose deployed immediately, extinguished in 20 seconds, cold to touch, isolated area",Minor localized trash container ignition put out rapidly with water hose.,Non-SIF-potential,BARRIER_PRESENT,Low,Smoking Shelter,Oil Refinery Field Operations & Expert Curated
REF-OIL-0107,small controlled test burn of oil sample in laboratory fume hood according to astm standard,small controlled test burn of oil sample in laboratory fume hood according to astm standard,Fire & Explosion,Low,15,Laboratory analytical test burn,"Engineered fume hood ventilation, controlled quantity (10ml), fire extinguisher present",Planned laboratory analytical test carried out within engineered containment.,Non-SIF-potential,BARRIER_PRESENT,Low,Quality Control Lab,Oil Refinery Field Operations & Expert Curated
REF-OIL-0108,welder torch backfired small pop quenched in water bath by welder zero fire,welder torch backfired small pop quenched in water bath by welder zero fire,Fire & Explosion,Low,16,Torch backfire pop,"Quenched in water bath instantly, flashback arrestor intact, zero flame spread",Minor torch pop safely quenched in dedicated water bath; safety devices functioned.,Non-SIF-potential,BARRIER_PRESENT,Low,Structural Workshop,Oil Refinery Field Operations & Expert Curated
REF-OIL-0109,pilot burner flame extinguished then reignited automatically on flare tip within safe parameters,pilot burner flame extinguished then reignited automatically on flare tip within safe parameters,Fire & Explosion,Low,20,Flare pilot reignition cycle,"Engineered auto-ignition spark system worked, safe flare tip enclosure, continuous purge",Normal automated flare pilot re-ignition sequence within safe operational envelope.,Non-SIF-potential,BARRIER_PRESENT,Low,Refinery Flare Tip,Oil Refinery Field Operations & Expert Curated
REF-OIL-0110,minor drip of 50ml hydraulic oil on floor wiped with cotton rag during filter swap,minor drip of 50ml hydraulic oil on floor wiped with cotton rag during filter swap,Chemical Spill,Low,14,50ml oil drip,"Wiped with rag immediately, floor dry, filter swapped cleanly",Routine filter change minor fluid drip cleaned up immediately without residue.,Non-SIF-potential,BARRIER_PRESENT,Low,Hydraulic Skid,Oil Refinery Field Operations & Expert Curated
REF-OIL-0111,30ml compressor oil weep captured in drip pan under pump bearing zero leak on concrete,30ml compressor oil weep captured in drip pan under pump bearing zero leak on concrete,Chemical Spill,Low,12,30ml minor weep,"Captured 100% in dedicated drip pan, zero ground contact, pump operating normal",Trivial bearing weep fully collected in engineered pan; zero escalation pathway.,Non-SIF-potential,BARRIER_PRESENT,Low,Compressor Building,Oil Refinery Field Operations & Expert Curated
REF-OIL-0112,minor glycol weep of 100ml in utility skid contained on concrete pad wiped with absorbant,minor glycol weep of 100ml in utility skid contained on concrete pad wiped with absorbant,Chemical Spill,Low,15,100ml glycol weep,"Captured on concrete pad, wiped with absorbent pad, non-flammable cooling fluid",Small non-hazardous glycol weep contained and cleaned with absorbent pads.,Non-SIF-potential,BARRIER_PRESENT,Low,Chiller Skid,Oil Refinery Field Operations & Expert Curated
REF-OIL-0113,drop of diesel on concrete driveway wiped dry with paper towel by driver,drop of diesel on concrete driveway wiped dry with paper towel by driver,Chemical Spill,Low,10,Isolated diesel drop,"Wiped dry with paper towel immediately, zero puddle, zero fire hazard",Trivial vehicle fuel droplet cleaned with towel; negligible consequence potential.,Non-SIF-potential,BARRIER_PRESENT,Low,Vehicle Gate,Oil Refinery Field Operations & Expert Curated
REF-OIL-0114,sampling valve wept 40ml gasoline into closed recovery pot zero fumes in air,sampling valve wept 40ml gasoline into closed recovery pot zero fumes in air,Chemical Spill,Low,16,40ml sampling weep,"Closed loop recovery pot captured liquid, zero atmospheric release, valve closed",Engineered closed-loop sampling pot captured valve weeping without vapor release.,Non-SIF-potential,BARRIER_PRESENT,Low,Sample Station 4,Oil Refinery Field Operations & Expert Curated
REF-OIL-0115,Reviewed Texas City refinery explosion video during mandatory safety induction for new contractor personnel.,Reviewed Texas City refinery explosion video during mandatory safety induction for new contractor personnel.,Safety Drill / Negative Context,Low,10,"Dangerous keywords 'refinery explosion', 'Texas City'","Classroom video training, new hire safety orientation, zero operational hazard",Mandatory educational training reviewing historical incident video in conference room.,Non-SIF-potential,BARRIER_PRESENT,Low,Induction Center,Oil Refinery Field Operations & Expert Curated
REF-OIL-0116,Safety standdown meeting discussing vapor cloud explosion prevention held in central maintenance facility.,Safety standdown meeting discussing vapor cloud explosion prevention held in central maintenance facility.,Safety Drill / Negative Context,Low,10,Dangerous keywords 'vapor cloud explosion',"Educational administrative meeting, work paused for safety discussion, zero hazard",Refinery safety stand-down communicating process safety principles to workforce.,Non-SIF-potential,BARRIER_PRESENT,Low,Maintenance Hall,Oil Refinery Field Operations & Expert Curated
REF-OIL-0117,Conducted unannounced fire drill at crude unit to practice muster count and emergency siren response.,Conducted unannounced fire drill at crude unit to practice muster count and emergency siren response.,Safety Drill / Negative Context,Low,15,"Dangerous keywords 'fire drill', 'crude unit', 'siren'","Controlled simulation exercise, all personnel accounted for at muster point within 3 minutes",Scheduled emergency drill validating muster accounting procedures with zero actual fire.,Non-SIF-potential,BARRIER_PRESENT,Low,Crude Unit Muster Point,Oil Refinery Field Operations & Expert Curated
REF-OIL-0118,"Tested fire pump P-501 emergency auto-start on simulated pressure drop, diesel engine started in 10 seconds.","Tested fire pump P-501 emergency auto-start on simulated pressure drop, diesel engine started in 10 seconds.",Safety Drill / Negative Context,Low,12,"Dangerous keywords 'fire pump', 'emergency'","Routine weekly preventive test of backup fire water pump, safe testing loop",Preventive functional test confirming firewater pump readiness under simulated trigger.,Non-SIF-potential,BARRIER_PRESENT,Low,Fire Pump Station,Oil Refinery Field Operations & Expert Curated
REF-OIL-0119,Replaced foam concentrate bladder in fire station foam truck during scheduled quarterly preventive maintenance.,Replaced foam concentrate bladder in fire station foam truck during scheduled quarterly preventive maintenance.,Safety Drill / Negative Context,Low,10,"Dangerous keywords 'foam concentrate', 'fire station'","Routine workshop equipment overhaul, foam truck out of service for planned 2 hours with backup available",Routine preventive overhaul of mobile firefighting defense asset in vehicle workshop.,Non-SIF-potential,BARRIER_PRESENT,Low,Refinery Fire Station,Oil Refinery Field Operations & Expert Curated
REF-OIL-0120,Hazard communication presentation on flammable gas leak detection held for operations shift B.,Hazard communication presentation on flammable gas leak detection held for operations shift B.,Safety Drill / Negative Context,Low,10,Dangerous keywords 'flammable gas leak',"Classroom presentation, operations briefing room, zero operational field work",Training presentation on gas monitoring instrumentation; no active plant release.,Non-SIF-potential,BARRIER_PRESENT,Low,Shift Briefing Room,Oil Refinery Field Operations & Expert Curated
REF-OIL-0121,"Inspected fire dampers and smoke detectors in central control building HVAC ductwork, all functioning properly.","Inspected fire dampers and smoke detectors in central control building HVAC ductwork, all functioning properly.",Safety Drill / Negative Context,Low,10,"Dangerous keywords 'fire dampers', 'smoke detectors'","Routine HVAC maintenance inspection, all components passed functional test",Routine inspection confirming passive fire protection barrier integrity in control building.,Non-SIF-potential,BARRIER_PRESENT,Low,Central Control Building,Oil Refinery Field Operations & Expert Curated
REF-OIL-0122,Monthly audit of flammable gas detectors calibration across Unit 3 completed with zero instrument drift.,Monthly audit of flammable gas detectors calibration across Unit 3 completed with zero instrument drift.,Safety Drill / Negative Context,Low,10,Dangerous keywords 'flammable gas detectors',"Instrumentation maintenance audit, test calibration gas applied safely according to procedure",Routine instrument calibration audit confirming fixed gas detection barrier accuracy.,Non-SIF-potential,BARRIER_PRESENT,Low,Unit 3 Plot,Oil Refinery Field Operations & Expert Curated
REF-OIL-0123,Toolbox talk on chemical spill kit locations and emergency showers conducted before shift start.,Toolbox talk on chemical spill kit locations and emergency showers conducted before shift start.,Safety Drill / Negative Context,Low,10,Dangerous keywords 'chemical spill',"Pre-shift safety briefing, zero chemicals handled during discussion",Pre-shift worker communication on emergency shower and spill response readiness.,Non-SIF-potential,BARRIER_PRESENT,Low,Control Room,Oil Refinery Field Operations & Expert Curated
REF-OIL-0124,Demonstrated dry chemical extinguisher operation to new apprentices on empty cylinder training prop.,Demonstrated dry chemical extinguisher operation to new apprentices on empty cylinder training prop.,Safety Drill / Negative Context,Low,12,Dangerous keywords 'dry chemical extinguisher',"Training prop, cold demonstration, zero fire, qualified training officer leading",Educational training session demonstrating fire extinguisher pin and horn operation.,Non-SIF-potential,BARRIER_PRESENT,Low,Safety Yard,Oil Refinery Field Operations & Expert Curated
REF-OIL-0125,Worker climbing temporary vertical ladder without fall arrester sleeve attached at 14 meters elevation.,Worker climbing temporary vertical ladder without fall arrester sleeve attached at 14 meters elevation.,Work at Height,Serious,83,"14m fatal fall potential, missing guided-type fall arrester sleeve, vertical ladder",Worker was holding rungs with both hands,Severe work at height violation: climbing uncaged 14m vertical ladder without fall arrest.,SIF-potential,BARRIER_MISSING,Serious,Flare Knockout Drum,Oil Refinery Field Operations & Expert Curated
REF-OIL-0126,Hydraulic pressure line at 200 bar had swollen outer braid with wire threads snapping under pulsating load.,Hydraulic pressure line at 200 bar had swollen outer braid with wire threads snapping under pulsating load.,Equipment Failure,Serious,81,"200 bar stored hydraulic pressure, imminent hose rupture, fluid injection hazard",Technician observed defect and depressurized system before burst,Imminent high-pressure line burst caught before lethal injection or projectile release.,SIF-potential,BARRIER_COMPROMISED,Serious,Hydraulic Power Unit,Oil Refinery Field Operations & Expert Curated
REF-OIL-0127,Forklift tines punctured plastic chemical tote spilling 200 liters of 30% hydrochloric acid in delivery yard.,Forklift tines punctured plastic chemical tote spilling 200 liters of 30% hydrochloric acid in delivery yard.,Chemical Spill,Serious,82,"200L corrosive acid spill, dense acid fumes, open outdoor unbunded yard","Yard evacuated, emergency response team deployed lime neutralizer",Substantial uncontained corrosive acid release generating hazardous fumes across delivery yard.,SIF-potential,BARRIER_FAILED,Serious,Chemical Delivery Bay,Oil Refinery Field Operations & Expert Curated
REF-OIL-0128,Electrician touched de-energized busbar without testing for absence of voltage with approved calibrated detector.,Electrician touched de-energized busbar without testing for absence of voltage with approved calibrated detector.,Electrical / Arc Flash,Serious,79,"Procedural failure on high-voltage equipment, failure to verify zero energy",Busbar was de-energized by upstream breaker; no electric shock occurred,Life-critical electrical safety rule violation: contact with unverified conductors.,SIF-potential,BARRIER_BYPASSED,Serious,Substation 4,Oil Refinery Field Operations & Expert Curated
REF-OIL-0129,"Rigging sling chafed against sharp girder edge during 4-ton valve lift, two synthetic strands severed.","Rigging sling chafed against sharp girder edge during 4-ton valve lift, two synthetic strands severed.",Equipment Failure,Serious,80,"4,000 kg suspended mass, sling degradation under tension, sharp edge contact","Lift stopped, load landed safely on wooden dunnage",Critical rigging defect: damaged lifting sling supporting heavy overhead load.,SIF-potential,BARRIER_COMPROMISED,Serious,Main Piperack Lift,Oil Refinery Field Operations & Expert Curated
REF-OIL-0130,Grinder threw sparks into oil-contaminated floor drain with missing cover in compressor house.,Grinder threw sparks into oil-contaminated floor drain with missing cover in compressor house.,Fire & Explosion,Serious,78,"Hot sparks entering oily vapor drain, missing mechanical drain cover, enclosed building",Worker stopped grinding when supervisor intervened,Dangerous interaction between active ignition sparks and flammable vapor drain pathway.,SIF-potential,BARRIER_MISSING,Serious,Compressor Room,Oil Refinery Field Operations & Expert Curated
REF-OIL-0131,Compressor high-pressure discharge valve packing leaking sweet gas at 40 bar with loud hissing sound.,Compressor high-pressure discharge valve packing leaking sweet gas at 40 bar with loud hissing sound.,Gas Leak,Serious,81,"40 bar sweet gas release, high continuous flow rate, potential for explosive atmosphere","Area cordoned off, unit load reduced",High-pressure gas release with significant volume escaping into operating compressor plot.,SIF-potential,BARRIER_FAILED,Serious,Gas Booster Station,Oil Refinery Field Operations & Expert Curated
REF-OIL-0132,Smell in the air near north fence during morning inspection.,Smell in the air near north fence during morning inspection.,Vague / Insufficient Info,Low,18,"Unspecified odor, open boundary fence","No toxic or flammable reading confirmed, no specific source",Vague environmental observation lacking operational details or confirmed hazard.,Non-SIF-potential,BARRIER_INSUFFICIENT_INFO,Low,North Fence,Oil Refinery Field Operations & Expert Curated
REF-OIL-0133,Strange sound during shift handover on cooling water system.,Strange sound during shift handover on cooling water system.,Vague / Insufficient Info,Low,17,Acoustic anomaly,"Cooling water system non-hazardous, no pressure or temperature abnormality recorded",Incomplete acoustic observation requiring field monitoring; indeterminate hazard.,Non-SIF-potential,BARRIER_INSUFFICIENT_INFO,Low,Cooling Water Unit,Oil Refinery Field Operations & Expert Curated
REF-OIL-0134,Something was leaking yesterday afternoon near pipe rack.,Something was leaking yesterday afternoon near pipe rack.,Vague / Insufficient Info,Low,20,Unverified past leak,"Fluid type unknown, pressure unknown, rate unknown, location unspecified",Historical third-party observation with missing technical data; high uncertainty.,Non-SIF-potential,BARRIER_INSUFFICIENT_INFO,Low,Piperack General,Oil Refinery Field Operations & Expert Curated
REF-OIL-0135,Vibration on equipment noticed by technician.,Vibration on equipment noticed by technician.,Vague / Insufficient Info,Low,15,Unspecified mechanical vibration,"No equipment tag, no severity, no process impact stated",Vague mechanical observation lacking equipment identifier or baseline deviation.,Non-SIF-potential,BARRIER_INSUFFICIENT_INFO,Low,Refinery Plot,Oil Refinery Field Operations & Expert Curated
REF-OIL-0136,Area needs inspection after rainstorm.,Area needs inspection after rainstorm.,Vague / Insufficient Info,Low,14,Weather inspection request,Zero incident or failure identified,Routine housekeeping request post-weather event with zero active incident evidence.,Non-SIF-potential,BARRIER_INSUFFICIENT_INFO,Low,Outdoor Areas,Oil Refinery Field Operations & Expert Curated
REF-OIL-0137,"Packing gland on boiler feedwater pump leaking hot water at 60C onto floor drain, pump operating within vibration tolerances.","Packing gland on boiler feedwater pump leaking hot water at 60C onto floor drain, pump operating within vibration tolerances.",Equipment Failure,Moderate,35,"Thermal water release, minor slip hazard on floor","Floor drain captured runoff, water non-hazardous, pump mechanically stable",Low-consequence utility packing weep draining safely to floor sump without process threat.,Non-SIF-potential,BARRIER_COMPROMISED,Moderate,Boiler Feedwater Skid,Oil Refinery Field Operations & Expert Curated
REF-OIL-0138,"Centrifugal pump motor tripped on thermal overload relay after 8 hours continuous run, no smoke or physical damage.","Centrifugal pump motor tripped on thermal overload relay after 8 hours continuous run, no smoke or physical damage.",Equipment Failure,Moderate,38,"Motor thermal trip, duty interruption","Thermal protective relay functioned properly, zero overheating damage, standby pump took over",Electrical protection barrier operated as designed; no damage or personnel hazard.,Non-SIF-potential,BARRIER_PRESENT,Moderate,Effluent Treatment Plant,Oil Refinery Field Operations & Expert Curated
REF-OIL-0139,"Steam trap on low-pressure heating line failed open, blowing 3-bar steam to atmospheric condensate receiver.","Steam trap on low-pressure heating line failed open, blowing 3-bar steam to atmospheric condensate receiver.",Equipment Failure,Moderate,42,"Low-pressure steam vent, localized noise and vapor plume","Discharged into engineered receiver, ambient atmospheric area, no personnel in blast zone",Utility steam trap failure discharging to designated collection vessel with low consequence.,Non-SIF-potential,BARRIER_COMPROMISED,Moderate,Utility Piperack,Oil Refinery Field Operations & Expert Curated
REF-OIL-0140,"Conveyor belt in sulfur loading shed developed minor edge tracking misalignment, rubbing against stationary guide roller.","Conveyor belt in sulfur loading shed developed minor edge tracking misalignment, rubbing against stationary guide roller.",Equipment Failure,Moderate,45,"Mechanical friction, sulfur dust environment","Belt stopped by alignment limit switch, roller temperature checked normal, zero smoke",Automated misalignment sensor prevented friction heating in combustible dust area.,Non-SIF-potential,BARRIER_PRESENT,Moderate,Sulfur Pastillation Shed,Oil Refinery Field Operations & Expert Curated
REF-OIL-0141,"Pressure gauge glass cracked on cooling water return header, no fluid leakage observed.","Pressure gauge glass cracked on cooling water return header, no fluid leakage observed.",Equipment Failure,Moderate,32,Degraded instrument casing,"Bourdon tube intact, zero fluid escape, low-pressure cooling water line",Superficial gauge glass defect without loss of primary pressure containment.,Non-SIF-potential,BARRIER_COMPROMISED,Moderate,Cooling Tower Area,Oil Refinery Field Operations & Expert Curated
REF-OIL-0142,Air compressor unloader valve sticking intermittently causing minor discharge pressure oscillations between 6 and 7.5 bar.,Air compressor unloader valve sticking intermittently causing minor discharge pressure oscillations between 6 and 7.5 bar.,Equipment Failure,Moderate,36,Pneumatic pressure oscillation,"Operating well below design limit of 10 bar, safety relief valve set at 9.5 bar intact",Pneumatic unloader anomaly contained within normal operating design envelope.,Non-SIF-potential,BARRIER_PRESENT,Moderate,Utility Air Compressor Skid,Oil Refinery Field Operations & Expert Curated
REF-OIL-0143,"Mechanical seal oil reservoir sight glass cloudy and low by 20%, secondary barrier intact.","Mechanical seal oil reservoir sight glass cloudy and low by 20%, secondary barrier intact.",Equipment Failure,Moderate,40,Barrier fluid depletion,"Primary and secondary seal faces intact, zero external leakage, topped up during shift",Auxiliary barrier fluid monitoring caught weep prior to mechanical seal degradation.,Non-SIF-potential,BARRIER_PRESENT,Moderate,Crude Unit Pump Bay,Oil Refinery Field Operations & Expert Curated
REF-OIL-0144,"Low pressure fuel gas piping flange weeping small bubbles during routine soapy water leak test at 0.5 bar, no odor detected outside 1 meter.","Low pressure fuel gas piping flange weeping small bubbles during routine soapy water leak test at 0.5 bar, no odor detected outside 1 meter.",Gas Leak,Moderate,44,Micro-leak on flammable fuel gas line,"Very low operating pressure (0.5 bar), well-ventilated outdoor rack, zero detectable vapor cloud",Fugitive flange weep caught during routine soap inspection below hazardous threshold.,Non-SIF-potential,BARRIER_COMPROMISED,Moderate,Offsites Fuel Gas Skid,Oil Refinery Field Operations & Expert Curated
REF-OIL-0145,"Instrument air tube fitting loose on control valve actuator, leaking 6-bar dry compressed air with audible hiss.","Instrument air tube fitting loose on control valve actuator, leaking 6-bar dry compressed air with audible hiss.",Gas Leak,Moderate,32,"Audible air hiss, valve sluggishness","Inert non-toxic non-flammable instrument air, fitting tightened on line with wrench","Utility compressed air leak with zero toxicity, flammability, or structural impact.",Non-SIF-potential,BARRIER_COMPROMISED,Moderate,Control Valve Manifold,Oil Refinery Field Operations & Expert Curated
REF-OIL-0146,"Minor low-pressure methane seep of 50 ppm detected at sample valve bonnet during fugitive emissions survey, well below LEL.","Minor low-pressure methane seep of 50 ppm detected at sample valve bonnet during fugitive emissions survey, well below LEL.",Gas Leak,Moderate,42,Fugitive hydrocarbon emission,"Concentration 50 ppm (LEL is 50,000 ppm), open-air location, no ignition sources",Fugitive emission detected by optical imaging survey; orders of magnitude below lower explosive limit.,Non-SIF-potential,BARRIER_COMPROMISED,Moderate,Gas Processing Skid,Oil Refinery Field Operations & Expert Curated
REF-OIL-0147,Nitrogen blanketing regulator on slop tank weeping slightly at vent port into well-ventilated outdoor atmosphere.,Nitrogen blanketing regulator on slop tank weeping slightly at vent port into well-ventilated outdoor atmosphere.,Gas Leak,Moderate,38,Inert gas venting,"Outdoor open deck, zero asphyxiation risk in open air, tank blanketing pressure maintained",Minor nitrogen regulator weep into well-ventilated outdoor atmosphere without asphyxiation pocket.,Non-SIF-potential,BARRIER_PRESENT,Moderate,Slop Oil Tank,Oil Refinery Field Operations & Expert Curated
REF-OIL-0148,"Slight natural gas smell detected near meter skid outdoors, handheld detector registered 4% LEL at 10cm from flange.","Slight natural gas smell detected near meter skid outdoors, handheld detector registered 4% LEL at 10cm from flange.",Gas Leak,Moderate,48,Localized flammable gas odor,"4% LEL is well below 10% action threshold and 100% explosive limit, well-ventilated outdoor skid",Localized minor gas weep below actionable safety threshold; tightened during shift.,Non-SIF-potential,BARRIER_COMPROMISED,Moderate,Gas Metering Station,Oil Refinery Field Operations & Expert Curated
REF-OIL-0149,"Drum pump transfer hose clamp loosened, leaking approximately 15 liters of dilute caustic soda solution (5%) into dedicated concrete sump.","Drum pump transfer hose clamp loosened, leaking approximately 15 liters of dilute caustic soda solution (5%) into dedicated concrete sump.",Chemical Spill,Moderate,46,"Corrosive chemical release, 15L volume","Low concentration (5%), fully contained in concrete sump, neutralizing agent applied immediately",Contained low-concentration chemical release with complete engineered sump capture.,Non-SIF-potential,BARRIER_PRESENT,Moderate,Water Treatment Bay,Oil Refinery Field Operations & Expert Curated
REF-OIL-0150,Coolant expansion tank overflowed 20 liters of ethylene glycol mixture into concrete equipment pad during chiller maintenance.,Coolant expansion tank overflowed 20 liters of ethylene glycol mixture into concrete equipment pad during chiller maintenance.,Chemical Spill,Moderate,40,"20L chemical spill, slip hazard","Non-flammable aqueous mixture, contained on bunded pad, recovered with wet vacuum",Equipment pad containment prevented soil ingress; fluid recovered with wet vacuum.,Non-SIF-potential,BARRIER_PRESENT,Moderate,Chiller Building Pad,Oil Refinery Field Operations & Expert Curated
REF-OIL-0151,Diesel fuel transfer nozzle dripped approximately 8 liters into gravel containment berm while refueling mobile air compressor.,Diesel fuel transfer nozzle dripped approximately 8 liters into gravel containment berm while refueling mobile air compressor.,Chemical Spill,Moderate,44,Combustible fuel release onto ground,"Engineered gravel containment berm caught spill, absorbent pads deployed, ignition sources isolated",Localized fuel spill inside designed containment berm with prompt absorbent deployment.,Non-SIF-potential,BARRIER_PRESENT,Moderate,Contractor Laydown Yard,Oil Refinery Field Operations & Expert Curated
REF-OIL-0152,"Minor corrosion weep on sulfuric acid sampling line flange wrapped with pH indicator cloth showing localized pink spot, no free droplets.","Minor corrosion weep on sulfuric acid sampling line flange wrapped with pH indicator cloth showing localized pink spot, no free droplets.",Chemical Spill,Moderate,52,Corrosive acid weep indicator,"Indicator cloth caught weep prior to free droplet formation, line depressurized for gasket swap",Proactive indicator barrier identified pinhole weep before acid spray or droplet discharge.,Non-SIF-potential,BARRIER_PRESENT,Moderate,Alkylation Acid Area,Oil Refinery Field Operations & Expert Curated
REF-OIL-0153,Lube oil filter housing drain plug seeped 3 liters of turbine oil into machinery tray during filter cartridge replacement.,Lube oil filter housing drain plug seeped 3 liters of turbine oil into machinery tray during filter cartridge replacement.,Chemical Spill,Moderate,36,3L lube oil release,"Captured 100% in machinery drip tray, wiped with pads, zero hot pipe contact",Routine maintenance drip captured fully within equipment collection pan.,Non-SIF-potential,BARRIER_PRESENT,Moderate,Turbine Hall Basement,Oil Refinery Field Operations & Expert Curated
REF-OIL-0154,"Operator tripped over low pipe conduit in well-lit walkway and sustained superficial scrape on right shin, treated at first aid station.","Operator tripped over low pipe conduit in well-lit walkway and sustained superficial scrape on right shin, treated at first aid station.",Personal Injury,Moderate,34,"Pedestrian trip obstacle, skin abrasion","Same-level walk, good illumination, first-aid treatment only, pipe tagged for high-visibility marking",Low-energy trip on level surface resulting in minor abrasion without structural or kinetic hazard.,Non-SIF-potential,BARRIER_COMPROMISED,Moderate,Crude Unit Walkway,Oil Refinery Field Operations & Expert Curated
REF-OIL-0155,"Maintenance technician pinched index finger between wrench and valve handwheel flange, minor blood blister, returned to work.","Maintenance technician pinched index finger between wrench and valve handwheel flange, minor blood blister, returned to work.",Personal Injury,Moderate,32,"Mechanical pinch point, minor contusion","Manual tool application, safety gloves worn mitigating trauma, zero fracture",Low-force pinch incident mitigated by leather work gloves; non-disabling minor contusion.,Non-SIF-potential,BARRIER_COMPROMISED,Moderate,Valve Manifold Deck,Oil Refinery Field Operations & Expert Curated
REF-OIL-0156,"Warehouse worker twisted left ankle while stepping down from 20cm concrete dock curb, no fracture confirmed on clinic X-ray.","Warehouse worker twisted left ankle while stepping down from 20cm concrete dock curb, no fracture confirmed on clinic X-ray.",Personal Injury,Moderate,36,"Low curb step down, soft tissue strain","20cm step height, steel-toe ankle-support boots worn, cold pack applied",Low-elevation misstep resulting in sprain without high kinetic energy or fall exposure.,Non-SIF-potential,BARRIER_COMPROMISED,Moderate,Warehouse Loading Dock,Oil Refinery Field Operations & Expert Curated
REF-OIL-0157,Welder sustained minor first-degree flash burn to neck skin through gap between collar and welding helmet.,Welder sustained minor first-degree flash burn to neck skin through gap between collar and welding helmet.,Personal Injury,Moderate,38,UV radiation exposure to neck,"First-degree superficial redness, soothing gel applied, collar shroud added to PPE",Minor superficial UV exposure without deep thermal tissue damage or open flame.,Non-SIF-potential,BARRIER_COMPROMISED,Moderate,Fabrication Bay,Oil Refinery Field Operations & Expert Curated
REF-OIL-0158,Operator bumped shoulder against unpadded low pipe hanger in piperack crawl space while wearing hard hat and safety vest.,Operator bumped shoulder against unpadded low pipe hanger in piperack crawl space while wearing hard hat and safety vest.,Personal Injury,Moderate,30,Low clearance overhead obstacle,"PPE worn, walking pace, minor superficial bruise, foam padding installed on hanger",Low-velocity contact in restricted space without high energy or fall potential.,Non-SIF-potential,BARRIER_COMPROMISED,Moderate,Piperack Ground Corridor,Oil Refinery Field Operations & Expert Curated
REF-OIL-0159,240V lighting circuit breaker tripped in field substation due to moisture ingress in outdoor luminaire junction box.,240V lighting circuit breaker tripped in field substation due to moisture ingress in outdoor luminaire junction box.,Electrical / Arc Flash,Moderate,36,"Moisture in electrical junction, circuit outage","Breaker tripped instantly on ground fault, enclosure contained fault, zero arc flash",Standard protective tripping mechanism functioned properly on low-voltage lighting branch.,Non-SIF-potential,BARRIER_PRESENT,Moderate,Substation 01 Yard,Oil Refinery Field Operations & Expert Curated
REF-OIL-0160,Small scorch mark observed on 24V DC terminal block inside instrument junction box due to loose screw connection.,Small scorch mark observed on 24V DC terminal block inside instrument junction box due to loose screw connection.,Electrical / Arc Flash,Moderate,38,"Loose terminal heating, minor scorched plastic","Extra-low voltage 24V DC, intrinsically safe circuit, zero flammable gas present",Low-energy thermal degradation on 24V instrument wire without arc flash capability.,Non-SIF-potential,BARRIER_COMPROMISED,Moderate,Instrument Rack Unit 2,Oil Refinery Field Operations & Expert Curated
REF-OIL-0161,Temporary 110V power extension lead found routed across metal grating without protective rubber cable crossover bridge.,Temporary 110V power extension lead found routed across metal grating without protective rubber cable crossover bridge.,Electrical / Arc Flash,Moderate,42,Substandard cable routing over grating,"Heavy-duty double-insulated industrial cable, GFCI breaker protecting feed, cable undamaged",Procedural routing defect mitigated by GFCI protection and intact double insulation.,Non-SIF-potential,BARRIER_COMPROMISED,Moderate,Scaffold Deck Level 1,Oil Refinery Field Operations & Expert Curated
REF-OIL-0162,"Electrician found emergency stop button contact block loose inside field control station, stop function sluggish.","Electrician found emergency stop button contact block loose inside field control station, stop function sluggish.",Electrical / Arc Flash,Moderate,48,Degraded safety instrumented switch contact,"System had redundant soft stop on DCS console, contact re-torqued and tested immediately",Control switch mechanical degradation caught during routine functional testing.,Non-SIF-potential,BARRIER_COMPROMISED,Moderate,Compressor Local Panel,Oil Refinery Field Operations & Expert Curated
REF-OIL-0163,"Scaffold toe board displaced by 50mm on 2-meter working platform in mechanical workshop, creating small opening.","Scaffold toe board displaced by 50mm on 2-meter working platform in mechanical workshop, creating small opening.",Work at Height,Moderate,38,"Small gap in toe board barrier, potential tool drop","Low platform height (2m), workshop floor barricaded below, toe board re-clamped",Minor architectural toe-board displacement on low platform with zero personnel exposed below.,Non-SIF-potential,BARRIER_COMPROMISED,Moderate,Workshop Bay 2,Oil Refinery Field Operations & Expert Curated
REF-OIL-0164,"Worker stepped onto scaffold plank that had minor 5mm flex, platform stable with double handrails intact.","Worker stepped onto scaffold plank that had minor 5mm flex, platform stable with double handrails intact.",Work at Height,Moderate,35,Plank deflection under foot,"Plank within permissible deflection limits, double handrails and midrails secure",Minor scaffold board bounce without structural degradation or fall exposure.,Non-SIF-potential,BARRIER_PRESENT,Moderate,Column Access Scaffold,Oil Refinery Field Operations & Expert Curated
REF-OIL-0165,"Safety harness lanyard inspection tag faded and illegible, harness retired from service during daily pre-use check.","Safety harness lanyard inspection tag faded and illegible, harness retired from service during daily pre-use check.",Work at Height,Moderate,32,Administrative tagging defect on PPE,"Harness webbing physically intact, worker replaced harness with new tagged unit before climbing",Pre-use inspection protocol successfully intercepted substandard documentation before use.,Non-SIF-potential,BARRIER_PRESENT,Moderate,Tool Crib,Oil Refinery Field Operations & Expert Curated
REF-OIL-0166,Temporary ladder secured with single tie wire instead of standard two rope lashings at top of 2.5m platform.,Temporary ladder secured with single tie wire instead of standard two rope lashings at top of 2.5m platform.,Work at Height,Moderate,46,Substandard top ladder restraint,"Ladder base on level concrete with non-skid feet, tied off with second lashing immediately",Incomplete ladder securing mitigated by level foundation and prompt remediation.,Non-SIF-potential,BARRIER_COMPROMISED,Moderate,Platform Access Stair,Oil Refinery Field Operations & Expert Curated
REF-OIL-0167,"Steam pipe thermal insulation cladding smoldered locally after light oil drip soaked into mineral wool, extinguished with 2 liters water.","Steam pipe thermal insulation cladding smoldered locally after light oil drip soaked into mineral wool, extinguished with 2 liters water.",Fire & Explosion,Moderate,50,Insulation smoldering from oil soak,"Localized to 10cm section, extinguished promptly with water, cladding stripped and line cleaned",Slow smolder in pipe lagging extinguished immediately before open flame established.,Non-SIF-potential,BARRIER_PRESENT,Moderate,Steam Manifold,Oil Refinery Field Operations & Expert Curated
REF-OIL-0168,"Friction between loose drive belt and pump guard produced smoke and small 5cm glow, motor shut down immediately, extinguished with CO2.","Friction between loose drive belt and pump guard produced smoke and small 5cm glow, motor shut down immediately, extinguished with CO2.",Fire & Explosion,Moderate,54,"Belt friction glow, localized smoke","Motor shut down on DCS trip, CO2 applied in seconds, guard and belt replaced",Localized mechanical friction hot spot contained and extinguished without propagation.,Non-SIF-potential,BARRIER_PRESENT,Moderate,Cooling Water Pump Skid,Oil Refinery Field Operations & Expert Curated
REF-OIL-0169,"Grinding spark ignited dry grass outside boundary fence 30 meters from process unit, stamped out immediately by fire watch.","Grinding spark ignited dry grass outside boundary fence 30 meters from process unit, stamped out immediately by fire watch.",Fire & Explosion,Moderate,44,Open spark ignition of dry vegetation,"30 meters outside unit boundary, dedicated fire watch stamped out in 10 seconds with water spray",Peripheral grass spark extinguished immediately by dedicated hot work fire watch.,Non-SIF-potential,BARRIER_PRESENT,Moderate,Refinery Perimeter Fence,Oil Refinery Field Operations & Expert Curated
REF-OIL-0170,"Diesel exhaust soot puff flashed momentarily inside muffler tailpipe during emergency generator startup test, self-extinguished instantly.","Diesel exhaust soot puff flashed momentarily inside muffler tailpipe during emergency generator startup test, self-extinguished instantly.",Fire & Explosion,Moderate,42,Internal exhaust spark flash,"Fully contained inside heavy steel exhaust silencer, flame arrestor in line, zero exterior ignition",Internal generator exhaust puff contained entirely inside heavy steel silencer duct.,Non-SIF-potential,BARRIER_PRESENT,Moderate,Emergency Power House,Oil Refinery Field Operations & Expert Curated
REF-OIL-0171,"Sour gas line sample tap valve packing failed, releasing H2S gas at 35 ppm into compressor deck, area beacon activated.","Sour gas line sample tap valve packing failed, releasing H2S gas at 35 ppm into compressor deck, area beacon activated.",Gas Leak,Serious,82,"H2S concentration 35 ppm (IDLH is 100 ppm), toxic atmospheric hazard, active release","Fixed gas beacon energized, operators donned SCBA and isolated upstream manual block",Significant toxic gas release exceeding permissible exposure limits with acute inhalation risk.,SIF-potential,BARRIER_FAILED,Serious,Sour Gas Compressor Deck,Oil Refinery Field Operations & Expert Curated
REF-OIL-0172,LPG cylinder filling hose developed bulge and pinhole leak venting liquid propane plume near tanker loading bay.,LPG cylinder filling hose developed bulge and pinhole leak venting liquid propane plume near tanker loading bay.,Gas Leak,Serious,84,"Pressurized LPG release, rapid vaporization, flammable vapor cloud near vehicle transit","Automated pneumatic slam-shut valve tripped by operator, water fog deployed",Severe flammable gas leak with acute vapor cloud ignition and flash fire potential.,SIF-potential,BARRIER_FAILED,Serious,LPG Loading Bay,Oil Refinery Field Operations & Expert Curated
REF-OIL-0173,Refrigeration ammonia line flange gasket weeping sharp pungent vapor at 45 ppm near refrigeration compressor plant.,Refrigeration ammonia line flange gasket weeping sharp pungent vapor at 45 ppm near refrigeration compressor plant.,Gas Leak,Serious,80,"Toxic ammonia gas release, respiratory irritant, potential for corrosive eye damage","Emergency ventilation initiated, operators donned full-face respirators, flange clamped",Toxic chemical gas release in operating building requiring respiratory barrier deployment.,SIF-potential,BARRIER_FAILED,Serious,Ammonia Chiller Plant,Oil Refinery Field Operations & Expert Curated
REF-OIL-0174,Corroded 2-inch sweet gas relief line discharging 15-bar methane gas continuously through open vent pipe directly above walkway.,Corroded 2-inch sweet gas relief line discharging 15-bar methane gas continuously through open vent pipe directly above walkway.,Gas Leak,Serious,83,"15 bar flammable gas jet, discharge directly above personnel access walkway","Area cordoned off, process unit rate curtailed, vent redirected",High-pressure flammable gas release impinging on pedestrian transit pathway.,SIF-potential,BARRIER_FAILED,Serious,Gas Recovery Skid,Oil Refinery Field Operations & Expert Curated
REF-OIL-0175,"Unloading hose disconnected prematurely during caustic soda road tanker transfer, releasing 300 liters of 50% sodium hydroxide.","Unloading hose disconnected prematurely during caustic soda road tanker transfer, releasing 300 liters of 50% sodium hydroxide.",Chemical Spill,Serious,82,"300L highly corrosive chemical release, open concrete apron, worker proximity","Emergency shower used by driver, neutralizing acid wash applied by spill team",Substantial corrosive liquid release with severe chemical burn potential to transfer operators.,SIF-potential,BARRIER_FAILED,Serious,Chemical Offloading Rack,Oil Refinery Field Operations & Expert Curated
REF-OIL-0176,Operator splashed on chest and face shield with warm amine solution at 60C when bleed valve purged without diffuser tube.,Operator splashed on chest and face shield with warm amine solution at 60C when bleed valve purged without diffuser tube.,Chemical Spill,Serious,81,"Hot corrosive chemical release under pressure, direct line-of-fire spray on operator","Operator was wearing chemical face shield and PVC apron preventing skin contact, flushed at eyewash",High-energy chemical line-of-fire release where PPE barrier prevented life-altering burn injury.,SIF-potential,BARRIER_BYPASSED,Serious,Amine Treater Unit,Oil Refinery Field Operations & Expert Curated
REF-OIL-0177,"Methanol storage tank sight glass fractured, leaking continuous stream of flammable methanol at 20 liters/minute onto gravel.","Methanol storage tank sight glass fractured, leaking continuous stream of flammable methanol at 20 liters/minute onto gravel.",Chemical Spill,Serious,84,"Volatile flammable toxic chemical release, continuous flow, uncontained gravel pool","Manual tank root valve closed with long reach wrench, aqueous foam laid over pool",Significant loss of primary containment involving volatile flammable solvent with vapor fire hazard.,SIF-potential,BARRIER_FAILED,Serious,Methanol Day Storage,Oil Refinery Field Operations & Expert Curated
REF-OIL-0178,"Sulfuric acid dosing pump diaphragm ruptured, spraying concentrated 98% acid inside pump enclosure with acid dripping onto doorway.","Sulfuric acid dosing pump diaphragm ruptured, spraying concentrated 98% acid inside pump enclosure with acid dripping onto doorway.",Chemical Spill,Serious,83,"Concentrated 98% sulfuric acid, pressurized spray, exit pathway obstructed by acid dripping","Enclosure door interlock cut pump power, lime neutralizer deployed",Pressurized concentrated acid spray creating severe corrosive injury hazard.,SIF-potential,BARRIER_FAILED,Serious,Demineralization Plant,Oil Refinery Field Operations & Expert Curated
REF-OIL-0179,Pre-use inspection of 20-ton mobile crane hoist wire rope revealed 5 broken exterior wire strands and severe bird-caging near hook.,Pre-use inspection of 20-ton mobile crane hoist wire rope revealed 5 broken exterior wire strands and severe bird-caging near hook.,Equipment Failure,Serious,82,"Imminent wire rope failure, 20-ton lifting capacity, heavy industrial turnaround environment",Inspection detected flaw before hook was attached to 14-ton heat exchanger bundle,Critical lifting gear barrier degradation caught just prior to heavy overhead lift.,SIF-potential,BARRIER_COMPROMISED,Serious,Turnaround Rigging Bay,Oil Refinery Field Operations & Expert Curated
REF-OIL-0180,Emergency diesel firewater pump fuel throttle actuator stuck in overspeed condition during monthly full-flow churn test.,Emergency diesel firewater pump fuel throttle actuator stuck in overspeed condition during monthly full-flow churn test.,Equipment Failure,Serious,80,"Overspeed mechanical runaway, potential engine flywheel fragmentation, primary fire protection compromised",Manual emergency air shutoff damper tripped by technician,Critical safety defense asset runaway caught prior to mechanical disintegration.,SIF-potential,BARRIER_COMPROMISED,Serious,Firewater Pump House,Oil Refinery Field Operations & Expert Curated
REF-OIL-0181,"Centrifugal crude oil booster pump vibrating at 22 mm/s with bearing housing reaching 115C, approaching catastrophic seizure.","Centrifugal crude oil booster pump vibrating at 22 mm/s with bearing housing reaching 115C, approaching catastrophic seizure.",Equipment Failure,Serious,83,"Extreme vibration exceeding trip limits, high thermal friction, pressurized hot hydrocarbon fluid",Operator executed emergency stop before shaft sheared or mechanical seal ruptured,Near-catastrophic mechanical breakdown on high-energy hydrocarbon pump intercepted in extremis.,SIF-potential,BARRIER_COMPROMISED,Serious,Crude Booster Station,Oil Refinery Field Operations & Expert Curated
REF-OIL-0182,Hydraulic cherry picker boom cylinder began creeping down 50cm uncommanded while worker was elevated in basket at 14m.,Hydraulic cherry picker boom cylinder began creeping down 50cm uncommanded while worker was elevated in basket at 14m.,Equipment Failure,Serious,84,"14m elevation, uncommanded descent, internal hydraulic seal bypass in primary holding cylinder",Worker lowered boom using manual ground controls and exited safely,Major failure of load-holding hydraulic barrier supporting personnel at fatal height.,SIF-potential,BARRIER_FAILED,Serious,Tank Farm Maintenance Plot,Oil Refinery Field Operations & Expert Curated
REF-OIL-0183,Overhead traveling crane pendant cable insulation damaged with exposed live 110V control conductors dangling near operator hands.,Overhead traveling crane pendant cable insulation damaged with exposed live 110V control conductors dangling near operator hands.,Equipment Failure,Serious,78,"Exposed live electrical conductor on handheld pendant control, operator contact hazard",Crane main isolator pulled before shock occurred,Degraded electrical control barrier on heavy machinery presenting direct shock hazard.,SIF-potential,BARRIER_COMPROMISED,Serious,Heavy Machine Shop,Oil Refinery Field Operations & Expert Curated
REF-OIL-0184,"Rigger hand caught between heavy 8-inch steel pipe spool and dunnage beam when load shifted, resulting in compound finger fracture.","Rigger hand caught between heavy 8-inch steel pipe spool and dunnage beam when load shifted, resulting in compound finger fracture.",Personal Injury,Serious,80,"Heavy pipe spool crushing force, load shift during landing, permanent bone fracture","Tag line in use, other riggers stayed clear, emergency first response dispatched",High-energy pinch point resulting in severe orthopedic crushing trauma.,SIF-potential,BARRIER_FAILED,Serious,Pipe Fabrication Yard,Oil Refinery Field Operations & Expert Curated
REF-OIL-0185,"Operator descended dark access ladder during power dip, missed bottom two rungs and fell 1.5m to concrete, fracturing right wrist.","Operator descended dark access ladder during power dip, missed bottom two rungs and fell 1.5m to concrete, fracturing right wrist.",Personal Injury,Serious,76,"Loss of lighting, 1.5m fall to hard concrete, fracture of limb","Worker was holding side stanchion which slowed descent, fellow operator rendered assistance",Fall from ladder in degraded visibility resulting in significant disabling bone fracture.,SIF-potential,BARRIER_FAILED,Serious,Offsites Manifold Pit,Oil Refinery Field Operations & Expert Curated
REF-OIL-0186,"Machinist struck in chest by 5kg workpiece that detached from rotating lathe chuck at 600 RPM, suffering severe cracked ribs.","Machinist struck in chest by 5kg workpiece that detached from rotating lathe chuck at 600 RPM, suffering severe cracked ribs.",Personal Injury,Serious,84,"High-velocity rotational projectile, direct blunt thoracic impact, internal injury potential","Lathe interlocked shield deflected portion of energy, worker taken to trauma center",High kinetic energy mechanical ejection striking personnel in direct line-of-fire.,SIF-potential,BARRIER_FAILED,Serious,Central Maintenance Workshop,Oil Refinery Field Operations & Expert Curated
REF-OIL-0187,"High-pressure wash wand at 250 bar slipped from contractor grip, water jet punctured rubber boot and lacerated worker foot.","High-pressure wash wand at 250 bar slipped from contractor grip, water jet punctured rubber boot and lacerated worker foot.",Personal Injury,Serious,82,"250 bar fluid injection energy, subcutaneous puncture hazard, tissue necrosis risk","Trigger deadman valve released shutting off jet, worker transported immediately to surgical hospital",High-pressure water jet injection incident with acute surgical trauma potential.,SIF-potential,BARRIER_FAILED,Serious,Hydroblasting Bay,Oil Refinery Field Operations & Expert Curated
REF-OIL-0188,Electrician opened 3.3kV terminal compartment of cooling water pump motor while upstream feeder was tagged but not racked out.,Electrician opened 3.3kV terminal compartment of cooling water pump motor while upstream feeder was tagged but not racked out.,Electrical / Arc Flash,Serious,84,"3,300 Volts energized circuit, procedural isolation failure, failure to rack out breaker","Voltage detector test performed before physical contact, alarm sounded, technician withdrew",Life-critical electrical rule violation caught by final test barrier prior to fatal shock.,SIF-potential,BARRIER_BYPASSED,Serious,Cooling Water Substation,Oil Refinery Field Operations & Expert Curated
REF-OIL-0189,Heavy arc scorch and copper splatter found inside 415V motor control center cubicle after breaker failed to clear fault cleanly.,Heavy arc scorch and copper splatter found inside 415V motor control center cubicle after breaker failed to clear fault cleanly.,Electrical / Arc Flash,Serious,82,"415V internal fault arc plasma, molten copper projection, breaker mechanism failure","Cubicle door was latched shut containing arc blast, upstream incomer cleared fault",High-energy electrical arc flash event contained by enclosure barrier; high fatality potential if door open.,SIF-potential,BARRIER_FAILED,Serious,Substation 04 MCC Room,Oil Refinery Field Operations & Expert Curated
REF-OIL-0190,"Three-phase 415V armored power cable run across heavy vehicle haul road crushed by loaded dump truck, jacket ripped open.","Three-phase 415V armored power cable run across heavy vehicle haul road crushed by loaded dump truck, jacket ripped open.",Electrical / Arc Flash,Serious,80,"Heavy vehicle crushing live electrical cable, phase-to-ground fault hazard on roadway","Upstream earth leakage breaker tripped instantly, road barricaded",Severe mechanical damage to energized medium-voltage cable on vehicular roadway.,SIF-potential,BARRIER_COMPROMISED,Serious,Refinery Expansion Access Road,Oil Refinery Field Operations & Expert Curated
REF-OIL-0191,"Contractor drilled into concrete wall and severed energized 415V conduit, tripping sub-distribution breaker with loud pop and sparks.","Contractor drilled into concrete wall and severed energized 415V conduit, tripping sub-distribution breaker with loud pop and sparks.",Electrical / Arc Flash,Serious,81,"Penetration of live concealed power conduit, sparks and acoustic blast at arm length","Insulated rotary hammer drill handle prevented electric shock to contractor, breaker tripped",Direct contact with concealed live power line where tool insulation served as sole barrier.,SIF-potential,BARRIER_BYPASSED,Serious,Administration Control Annex,Oil Refinery Field Operations & Expert Curated
REF-OIL-0192,Contractor erecting scaffolding at 10 meters height without intermediate guardrails and without attaching harness to static lifeline.,Contractor erecting scaffolding at 10 meters height without intermediate guardrails and without attaching harness to static lifeline.,Work at Height,Serious,83,"10-meter fatal fall elevation, zero personal fall arrest connection, unguarded platform edge",Safety inspector halted work immediately and ordered worker to tether to structural beam,Severe work at height non-compliance with imminent potential for fatal ground impact.,SIF-potential,BARRIER_MISSING,Serious,Vessel V-102 Scaffolding,Oil Refinery Field Operations & Expert Curated
REF-OIL-0193,Removable floor grating section on 3rd level process structure removed for valve rigging without installing temporary safety barrier.,Removable floor grating section on 3rd level process structure removed for valve rigging without installing temporary safety barrier.,Work at Height,Serious,84,"Open 12-meter hole in deck floor, unbarricaded, walkway in active operational area",Operator spotted open hole from 3 meters away and placed temporary safety ladder across hole,Unguarded opening in high-level deck floor presenting direct fatal fall trap for operators.,SIF-potential,BARRIER_MISSING,Serious,Unit 12 Fractionation Deck,Oil Refinery Field Operations & Expert Curated
REF-OIL-0194,Worker stepped out onto fragile fiberglass roof skylight sheet while inspecting piperack rainwater guttering at 7m elevation.,Worker stepped out onto fragile fiberglass roof skylight sheet while inspecting piperack rainwater guttering at 7m elevation.,Work at Height,Serious,83,"Fragile roof surface, 7-meter drop through to concrete workshop floor below, zero crawling boards",Worker felt panel crack and stepped back onto structural steel purlin,Fragile roof breakthrough hazard with acute fatal fall consequence potential.,SIF-potential,BARRIER_MISSING,Serious,Warehouse Roof,Oil Refinery Field Operations & Expert Curated
REF-OIL-0195,Painter operating on single unanchored aluminum extension ladder resting on rounded crude pipeline 5 meters above concrete floor.,Painter operating on single unanchored aluminum extension ladder resting on rounded crude pipeline 5 meters above concrete floor.,Work at Height,Serious,81,"Unstable ladder footing on round pipe, 5-meter fall height, no harness anchor",Supervisor stopped work before ladder slipped,Grossly unstable access method at fatal fall height caught prior to ladder slip.,SIF-potential,BARRIER_MISSING,Serious,Offsites Crude Manifold,Oil Refinery Field Operations & Expert Curated
REF-OIL-0196,"Contractor using motorized weed trimmer with metal blade near LPG mounded bullets perimeter fence, striking rocks and throwing sparks.","Contractor using motorized weed trimmer with metal blade near LPG mounded bullets perimeter fence, striking rocks and throwing sparks.",Fire & Explosion,Serious,82,"Mechanical sparks thrown adjacent to LPG storage boundary, unauthorized tool in zone 2","Gas detector reading was 0% LEL, work stopped immediately and contractor escorted off site",Active ignition source introduced into flammable gas storage buffer zone.,SIF-potential,BARRIER_BYPASSED,Serious,LPG Bullet Storage Perimeter,Oil Refinery Field Operations & Expert Curated
REF-OIL-0197,"Diesel generator exhaust flexible bellows cracked open, directing 450C exhaust gas directly onto adjacent acoustic insulation foam.","Diesel generator exhaust flexible bellows cracked open, directing 450C exhaust gas directly onto adjacent acoustic insulation foam.",Fire & Explosion,Serious,81,"450C hot gas impingement on combustible soundproofing foam, fire precursor",Operator observed glowing gas in darkness and shut down generator,Hot surface thermal ignition precursor threatening generator building structure.,SIF-potential,BARRIER_FAILED,Serious,Standby Generator Skid,Oil Refinery Field Operations & Expert Curated
REF-OIL-0198,"Hot work cutting torch sparks dropped through open grating into unwashed oily wastewater pit below, igniting surface oil film.","Hot work cutting torch sparks dropped through open grating into unwashed oily wastewater pit below, igniting surface oil film.",Fire & Explosion,Serious,84,"Hot slag igniting hydrocarbon film in enclosed wastewater pit, smoke rising to process deck","Fire watch deployed dry powder extinguisher immediately, knocking down fire in 20 seconds",Ignition of flammable hydrocarbon vapor in wastewater drainage network.,SIF-potential,BARRIER_FAILED,Serious,Oily Water Separator Basin,Oil Refinery Field Operations & Expert Curated
REF-OIL-0199,"Kerosene pump seal failed, atomized aerosol hydrocarbon mist spraying across hot turbine casing (380C) before operator tripped pump.","Kerosene pump seal failed, atomized aerosol hydrocarbon mist spraying across hot turbine casing (380C) before operator tripped pump.",Fire & Explosion,Serious,85,Pressurized aerosol hydrocarbon mist impinging on 380C hot turbine surface (autoignition risk),"Emergency pump trip hit within 15 seconds, steam quench activated",Extremely high-risk auto-ignition scenario caught seconds before major flash fire erupted.,SIF-potential,BARRIER_FAILED,Serious,Kerosene Treater Unit,Oil Refinery Field Operations & Expert Curated
REF-OIL-0200,smelling bad rotten egg gas near sour water pump p-202 got dizzy had to run out,smelling bad rotten egg gas near sour water pump p-202 got dizzy had to run out,Gas Leak,Serious,81,"Acute toxic H2S symptoms (dizziness), active sour water pump leak, worker in line-of-fire","Worker evacuated area successfully, alarm beacon triggered",Informal report describing toxic H2S atmospheric exposure resulting in physiological symptoms.,SIF-potential,BARRIER_FAILED,Serious,Sour Water Stripper,Oil Refinery Field Operations & Expert Curated
REF-OIL-0201,acid leeking on alkylation skid yellow drips on floor suit got burned a bit,acid leeking on alkylation skid yellow drips on floor suit got burned a bit,Chemical Spill,Serious,82,"Corrosive acid line leakage, chemical suit degradation from contact, direct exposure","Worker rinsed at safety shower immediately, neutralized area with lime",Informal report of active corrosive acid leak causing protective equipment damage.,SIF-potential,BARRIER_FAILED,Serious,Alkylation Unit Skid,Oil Refinery Field Operations & Expert Curated
REF-OIL-0202,sparkin wire in substation box loud pop and black smoke,sparkin wire in substation box loud pop and black smoke,Electrical / Arc Flash,Serious,78,"Electrical arcing fault, explosive pop acoustic energy, smoke generation in substation","Worker exited substation, breaker tripped",Informal report of high-energy electrical arcing fault inside substation panel.,SIF-potential,BARRIER_FAILED,Serious,Substation 02,Oil Refinery Field Operations & Expert Curated
REF-OIL-0203,crane dropped heavy iron pipe spool near walkway almost hit rigger,crane dropped heavy iron pipe spool near walkway almost hit rigger,Equipment Failure,Serious,83,"Heavy dropped mass near pedestrian walkway, near-miss with rigger","Rigger jumped back, load struck ground dunnage",Informal report of major dropped overhead load with life-threatening crushing potential.,SIF-potential,BARRIER_FAILED,Serious,Pipe Staging Bay,Oil Refinery Field Operations & Expert Curated
REF-OIL-0204,ladder sliped from wall guy fell 3 meters broke his arm,ladder sliped from wall guy fell 3 meters broke his arm,Work at Height,Serious,79,"3m fall elevation, ladder footing failure, permanent bone fracture","First aid crew arrived, worker transported to hospital",Informal worker narrative of fall from height causing severe disabling orthopedic injury.,SIF-potential,BARRIER_FAILED,Serious,Pump House Ladder,Oil Refinery Field Operations & Expert Curated
REF-OIL-0205,smal oil leek under pump 50ml caught in pan wiped with rag,smal oil leek under pump 50ml caught in pan wiped with rag,Chemical Spill,Low,14,50ml oil drip,"Caught in pan, wiped with rag, zero heat source, pump running fine",Informal report of minor routine lube oil drip fully contained in drip pan.,Non-SIF-potential,BARRIER_PRESENT,Low,Booster Pump Skid,Oil Refinery Field Operations & Expert Curated
REF-OIL-0206,water pipe leeking on asphalt making big puddle,water pipe leeking on asphalt making big puddle,Equipment Failure,Moderate,30,"Utility water leak, roadway puddle","Ambient non-hazardous water, away from electric cables, isolated by valve",Informal description of utility cooling water leak with low consequence potential.,Non-SIF-potential,BARRIER_COMPROMISED,Moderate,Plant Perimeter Road,Oil Refinery Field Operations & Expert Curated
REF-OIL-0207,valve packin dripping hot water near drain steam coming out,valve packin dripping hot water near drain steam coming out,Equipment Failure,Moderate,35,"Hot utility water drip, minor vapor","Directed toward drain, non-hazardous fluid, valve isolated",Informal report of utility hot water packing weep discharging safely into drain.,Non-SIF-potential,BARRIER_COMPROMISED,Moderate,Utility Manifold,Oil Refinery Field Operations & Expert Curated
REF-OIL-0208,guy sliped on oily deck bruised his knee put ice on it,guy sliped on oily deck bruised his knee put ice on it,Personal Injury,Moderate,36,"Surface slip, minor personal bruise","Same level fall, ice pack applied, deck degreased immediately",Informal report of minor level surface slip resulting in superficial bruise.,Non-SIF-potential,BARRIER_COMPROMISED,Moderate,Slop Oil Deck,Oil Refinery Field Operations & Expert Curated
REF-OIL-0209,motor got very hot smelled burn rubber shut off breaker,motor got very hot smelled burn rubber shut off breaker,Equipment Failure,Moderate,42,"Motor overheating, rubber belt smell","Breaker opened promptly, zero open flame, belt replaced",Informal report of motor belt friction intercepted before fire development.,Non-SIF-potential,BARRIER_PRESENT,Moderate,Ventilation Fan Shed,Oil Refinery Field Operations & Expert Curated
REF-OIL-0210,h2s monitor beeping loud 35ppm ran to windsock quick,h2s monitor beeping loud 35ppm ran to windsock quick,Gas Leak,Serious,82,"35 ppm H2S toxic gas exposure, personal monitor alarm sounding",Worker followed escape procedure and moved upwind to muster point,Informal report of elevated toxic gas release triggering emergency worker evacuation.,SIF-potential,BARRIER_FAILED,Serious,Amine Treater Deck,Oil Refinery Field Operations & Expert Curated
REF-OIL-0211,forktuck hit handrail bent steel post near office,forktuck hit handrail bent steel post near office,Personal Injury,Moderate,44,"Vehicle impact with handrail, structural post deformation","Low vehicle speed, pedestrian walkway clear, driver unhurt",Informal description of mobile vehicle impact with architectural barrier at low speed.,Non-SIF-potential,BARRIER_COMPROMISED,Moderate,Office Walkway,Oil Refinery Field Operations & Expert Curated
REF-OIL-0212,welder spark set rag on fire put out with water cup right away,welder spark set rag on fire put out with water cup right away,Fire & Explosion,Low,18,Single rag ignition from hot work spark,"Fire watch present with water cup, put out immediately, zero spread",Informal report of minor hot work spark quenched instantaneously with water cup.,Non-SIF-potential,BARRIER_PRESENT,Low,Boiler Platform,Oil Refinery Field Operations & Expert Curated
REF-OIL-0213,small smoke from belt on fan stopped motor no fire,small smoke from belt on fan stopped motor no fire,Fire & Explosion,Moderate,46,Belt slip smoke,"Motor stopped via local switch, zero open flame, no process impact",Informal report of machinery friction smoke controlled before ignition.,Non-SIF-potential,BARRIER_PRESENT,Moderate,Cooling Fan 4,Oil Refinery Field Operations & Expert Curated
REF-OIL-0214,drum fell off palate rolled on ground no leek,drum fell off palate rolled on ground no leek,Equipment Failure,Moderate,38,Drum displacement from pallet during handling,"Drum intact, bung tight, zero fluid release, placed back with forklift",Informal report of dropped container without loss of primary containment.,Non-SIF-potential,BARRIER_PRESENT,Moderate,Drum Storage Yard,Oil Refinery Field Operations & Expert Curated
REF-OIL-0215,Presented technical paper on toxic gas dispersion modeling and catastrophic BLEVE consequences at HSE seminar.,Presented technical paper on toxic gas dispersion modeling and catastrophic BLEVE consequences at HSE seminar.,Safety Drill / Negative Context,Low,10,"Dangerous keywords 'toxic gas', 'BLEVE', 'catastrophic'","Academic seminar in conference room, computer presentation, zero physical plant work",Educational technical presentation on process safety simulation models.,Non-SIF-potential,BARRIER_PRESENT,Low,Corporate Seminar Room,Oil Refinery Field Operations & Expert Curated
REF-OIL-0216,Safety committee reviewed plant incident history of major hydrocarbon fires and explosions from the last 15 years.,Safety committee reviewed plant incident history of major hydrocarbon fires and explosions from the last 15 years.,Safety Drill / Negative Context,Low,10,"Dangerous keywords 'hydrocarbon fires', 'explosions'","Administrative committee review meeting, historical records audit",Routine committee meeting analyzing historical safety statistics and trends.,Non-SIF-potential,BARRIER_PRESENT,Low,HSE Conference Room,Oil Refinery Field Operations & Expert Curated
REF-OIL-0217,Quarterly inspection and hydrostatic pressure testing of fire hydrant main loop and deluge valves completed successfully.,Quarterly inspection and hydrostatic pressure testing of fire hydrant main loop and deluge valves completed successfully.,Safety Drill / Negative Context,Low,12,"Dangerous keywords 'fire hydrant', 'deluge valves'","Preventive hydrostatic test using clean water, all systems passed test",Routine verification test confirming operational readiness of firewater delivery network.,Non-SIF-potential,BARRIER_PRESENT,Low,Refinery Firewater Ring,Oil Refinery Field Operations & Expert Curated
REF-OIL-0218,Conducted tabletop emergency simulation exercise regarding unconfined vapor cloud explosion scenario for operations management.,Conducted tabletop emergency simulation exercise regarding unconfined vapor cloud explosion scenario for operations management.,Safety Drill / Negative Context,Low,12,"Dangerous keywords 'vapor cloud explosion', 'emergency scenario'","Desktop paper exercise, simulation map, zero physical field action",Tabletop emergency management training evaluating incident command coordination.,Non-SIF-potential,BARRIER_PRESENT,Low,Incident Command Center,Oil Refinery Field Operations & Expert Curated
REF-OIL-0219,Permit to work issued for nitrogen line displacement following verified zero hydrocarbon gas testing.,Permit to work issued for nitrogen line displacement following verified zero hydrocarbon gas testing.,Safety Drill / Negative Context,Low,10,"Dangerous keywords 'nitrogen line', 'hydrocarbon gas'","Standard authorized permit documentation, multi-signature safety verification completed",Standard administrative permit-to-work verification prior to routine maintenance.,Non-SIF-potential,BARRIER_PRESENT,Low,Shift Supervisor Office,Oil Refinery Field Operations & Expert Curated
REF-OIL-0220,Replaced worn fire blanket in hot work staging station during scheduled safety equipment audit.,Replaced worn fire blanket in hot work staging station during scheduled safety equipment audit.,Safety Drill / Negative Context,Low,8,"Dangerous keywords 'fire blanket', 'hot work'","Equipment replacement during routine audit, zero active hot work ongoing",Routine housekeeping replenishment of emergency safety equipment.,Non-SIF-potential,BARRIER_PRESENT,Low,Safety Staging Area,Oil Refinery Field Operations & Expert Curated
REF-OIL-0221,Conducted chemical spill response drill using water and dyed sawdust to test team mobilization time at tanker rack.,Conducted chemical spill response drill using water and dyed sawdust to test team mobilization time at tanker rack.,Safety Drill / Negative Context,Low,15,"Dangerous keywords 'chemical spill', 'spill drill', 'tanker rack'","Planned drill using water and harmless colored sawdust, full emergency crew deployed",Controlled emergency training drill evaluating emergency spill team response speed.,Non-SIF-potential,BARRIER_PRESENT,Low,Offloading Rack 2,Oil Refinery Field Operations & Expert Curated
REF-OIL-0222,Conducted toolbox talk explaining difference between deflagration and detonation in high-pressure hydrogen piping.,Conducted toolbox talk explaining difference between deflagration and detonation in high-pressure hydrogen piping.,Safety Drill / Negative Context,Low,10,"Dangerous keywords 'deflagration', 'detonation', 'hydrogen piping'","Classroom briefing, educational safety discussion, zero operational hazard",Toolbox educational discussion on combustion physics and explosion mechanics.,Non-SIF-potential,BARRIER_PRESENT,Low,Reformer Briefing Room,Oil Refinery Field Operations & Expert Curated
REF-OIL-0223,Checked operability of high-expansion foam generator in lube oil storage warehouse during routine monthly PM.,Checked operability of high-expansion foam generator in lube oil storage warehouse during routine monthly PM.,Safety Drill / Negative Context,Low,12,"Dangerous keywords 'foam generator', 'lube oil storage'","Preventive maintenance electrical check on fan motor, zero foam discharge, warehouse secure",Routine preventive maintenance check on warehouse foam fire protection system.,Non-SIF-potential,BARRIER_PRESENT,Low,Lube Oil Warehouse,Oil Refinery Field Operations & Expert Curated
REF-OIL-0224,Reviewed lessons from BP Texas City disaster focusing on distillation column level indicator failures during refresher class.,Reviewed lessons from BP Texas City disaster focusing on distillation column level indicator failures during refresher class.,Safety Drill / Negative Context,Low,10,"Dangerous keywords 'Texas City disaster', 'distillation column failures'","Educational refresher class, video case study, zero physical field hazard",Mandatory operator training reviewing historical industry disaster lessons.,Non-SIF-potential,BARRIER_PRESENT,Low,Training Auditorium,Oil Refinery Field Operations & Expert Curated
